,month,vehicle_class,quota,bids_success,bids_received,premium
0,2010-01,Category A,1151.5,1147.0,1507.5,19501.5
1,2010-01,Category B,702.0,698.0,994.0,20795.0
2,2010-01,Category C,177.0,173.0,272.5,19545.5
3,2010-01,Category D,375.5,371.5,530.0,870.5
4,2010-01,Category E,587.0,573.0,1166.5,20894.0
5,2010-02,Category A,1151.0,1150.5,1409.5,20164.5
6,2010-02,Category B,689.0,674.0,943.0,23534.5
7,2010-02,Category C,169.0,166.0,267.5,22445.5
8,2010-02,Category D,367.0,352.0,498.5,926.5
9,2010-02,Category E,595.5,591.5,1162.0,23315.0
10,2010-03,Category A,1147.0,1139.0,1970.5,24595.5
11,2010-03,Category B,699.5,683.0,1147.0,31239.0
12,2010-03,Category C,168.0,152.5,299.0,29945.5
13,2010-03,Category D,378.0,375.5,481.0,1179.5
14,2010-03,Category E,585.5,564.5,1345.5,34795.5
15,2010-04,Category A,705.5,650.5,1310.5,32000.5
16,2010-04,Category B,566.0,560.0,877.0,42751.0
17,2010-04,Category C,191.5,185.0,313.5,36033.5
18,2010-04,Category D,338.5,322.5,396.0,1237.0
19,2010-04,Category E,381.0,355.5,782.5,46001.5
20,2010-05,Category A,752.5,747.5,1165.0,26745.5
21,2010-05,Category B,555.5,550.0,792.0,36300.0
22,2010-05,Category C,182.5,178.5,312.5,30945.0
23,2010-05,Category D,352.0,338.5,441.5,1282.0
24,2010-05,Category E,385.5,384.0,732.5,39001.0
25,2010-06,Category A,702.5,700.5,1004.5,30780.5
26,2010-06,Category B,555.0,550.0,749.5,39956.5
27,2010-06,Category C,180.0,176.0,263.0,30939.0
28,2010-06,Category D,349.5,341.5,440.0,1453.0
29,2010-06,Category E,361.5,340.5,660.5,41003.0
30,2010-07,Category A,699.5,683.5,930.0,32831.5
31,2010-07,Category B,554.5,552.5,780.5,39399.0
32,2010-07,Category C,180.0,179.0,281.0,30995.0
33,2010-07,Category D,344.0,340.5,424.0,1305.0
34,2010-07,Category E,381.0,378.0,692.5,42287.5
35,2010-08,Category A,614.0,597.5,880.5,30552.0
36,2010-08,Category B,480.5,475.5,672.5,43072.0
37,2010-08,Category C,205.5,205.0,279.5,30057.0
38,2010-08,Category D,335.5,328.0,376.5,1276.0
39,2010-08,Category E,312.0,311.5,588.5,43201.0
40,2010-09,Category A,614.0,587.5,884.0,31545.0
41,2010-09,Category B,483.5,483.5,702.5,43315.0
42,2010-09,Category C,205.0,195.5,281.0,32000.5
43,2010-09,Category D,340.0,333.0,408.5,1477.0
44,2010-09,Category E,309.5,307.5,490.0,43645.5
45,2010-10,Category A,624.0,624.0,769.5,32773.5
46,2010-10,Category B,479.0,477.0,698.0,43700.5
47,2010-10,Category C,214.0,213.5,287.0,30700.0
48,2010-10,Category D,339.0,312.0,426.0,1595.5
49,2010-10,Category E,311.0,295.5,486.5,44495.0
50,2010-11,Category A,597.5,587.5,838.0,36500.5
51,2010-11,Category B,481.0,470.5,713.5,46695.5
52,2010-11,Category C,205.0,201.5,255.5,31104.0
53,2010-11,Category D,359.0,338.0,419.0,1477.0
54,2010-11,Category E,324.5,322.0,565.5,47945.5
55,2010-12,Category A,607.5,594.5,887.5,46866.5
56,2010-12,Category B,489.0,485.5,953.0,67251.5
57,2010-12,Category C,208.0,206.0,297.0,32751.0
58,2010-12,Category D,353.0,345.5,408.0,1626.0
59,2010-12,Category E,312.0,307.5,568.5,70501.0
60,2011-01,Category A,610.5,604.0,1141.5,39506.0
61,2011-01,Category B,482.0,478.0,745.0,63955.0
62,2011-01,Category C,206.0,200.5,283.0,32555.5
63,2011-01,Category D,339.5,336.0,428.0,1596.5
64,2011-01,Category E,314.0,308.5,454.0,71399.0
65,2011-02,Category A,517.0,497.5,967.0,40061.5
66,2011-02,Category B,427.5,427.0,683.0,57700.0
67,2011-02,Category C,281.0,278.5,362.0,28800.0
68,2011-02,Category D,329.0,311.0,439.0,1910.0
69,2011-02,Category E,334.5,330.5,603.0,60445.5
70,2011-03,Category A,529.5,501.0,901.0,43206.5
71,2011-03,Category B,424.0,423.5,623.0,59448.0
72,2011-03,Category C,278.5,277.5,365.5,29845.5
73,2011-03,Category D,343.5,336.0,459.5,2569.0
74,2011-03,Category E,333.0,327.0,516.0,60541.5
75,2011-04,Category A,538.5,531.5,888.5,43606.0
76,2011-04,Category B,424.0,416.0,584.5,55901.0
77,2011-04,Category C,276.5,272.0,331.0,26044.5
78,2011-04,Category D,333.0,330.5,489.0,2496.0
79,2011-04,Category E,335.5,334.5,469.0,56550.5
80,2011-05,Category A,517.0,516.0,852.0,45889.5
81,2011-05,Category B,431.5,431.5,607.0,56155.5
82,2011-05,Category C,280.0,278.0,373.5,22439.0
83,2011-05,Category D,328.0,326.0,483.5,2133.0
84,2011-05,Category E,330.5,321.5,484.0,56689.5
85,2011-06,Category A,511.0,509.0,797.5,51817.0
86,2011-06,Category B,423.5,406.5,721.5,65350.0
87,2011-06,Category C,277.5,273.0,424.0,30047.5
88,2011-06,Category D,327.5,324.5,437.0,2390.5
89,2011-06,Category E,338.5,314.5,499.0,63745.0
90,2011-07,Category A,512.0,499.0,807.5,55995.5
91,2011-07,Category B,440.5,440.0,677.0,70501.0
92,2011-07,Category C,280.0,278.5,384.0,33546.0
93,2011-07,Category D,328.5,327.5,432.5,2186.0
94,2011-07,Category E,353.5,335.0,484.0,71650.5
95,2011-08,Category A,561.5,561.5,980.5,49051.0
96,2011-08,Category B,353.5,351.0,498.0,68205.5
97,2011-08,Category C,243.0,238.0,375.0,33149.0
98,2011-08,Category D,388.5,386.0,470.5,1944.5
99,2011-08,Category E,348.5,347.5,502.0,68558.5
100,2011-09,Category A,548.0,539.0,872.5,49503.0
101,2011-09,Category B,356.0,354.5,482.5,63945.5
102,2011-09,Category C,246.5,242.0,326.5,30994.5
103,2011-09,Category D,390.0,387.0,512.0,2224.0
104,2011-09,Category E,331.0,330.5,457.5,64045.5
105,2011-10,Category A,557.0,551.5,833.0,53200.5
106,2011-10,Category B,354.5,353.0,578.5,69744.5
107,2011-10,Category C,246.5,238.0,351.0,34906.0
108,2011-10,Category D,390.5,387.0,486.0,2084.5
109,2011-10,Category E,330.5,318.5,485.0,69329.0
110,2011-11,Category A,553.5,544.0,761.0,55442.0
111,2011-11,Category B,354.5,346.5,534.5,77170.0
112,2011-11,Category C,250.0,246.0,350.0,40496.0
113,2011-11,Category D,391.0,374.0,449.0,1950.5
114,2011-11,Category E,342.5,331.5,501.5,76945.0
115,2011-12,Category A,557.5,500.0,829.5,51196.5
116,2011-12,Category B,361.0,359.5,469.0,71176.5
117,2011-12,Category C,245.5,245.5,347.5,39799.0
118,2011-12,Category D,404.0,400.5,453.5,1691.5
119,2011-12,Category E,341.5,310.0,505.0,72670.0
120,2012-01,Category A,605.5,603.0,902.0,47500.5
121,2012-01,Category B,354.5,353.5,524.0,66845.0
122,2012-01,Category C,241.5,237.5,381.0,41350.0
123,2012-01,Category D,390.5,388.0,475.5,1617.0
124,2012-01,Category E,362.0,358.0,534.0,66400.5
125,2012-02,Category A,621.5,589.0,1037.5,54909.0
126,2012-02,Category B,350.5,347.0,607.5,76039.5
127,2012-02,Category C,163.0,153.5,277.5,50902.5
128,2012-02,Category D,412.5,399.0,510.5,1907.0
129,2012-02,Category E,313.0,304.0,466.0,75900.5
130,2012-03,Category A,651.5,637.5,989.5,56526.0
131,2012-03,Category B,353.0,352.0,577.5,80653.5
132,2012-03,Category C,168.5,166.5,244.0,50760.0
133,2012-03,Category D,423.5,420.0,529.0,1745.0
134,2012-03,Category E,318.0,318.0,470.5,78491.0
135,2012-04,Category A,633.0,616.5,985.5,61351.0
136,2012-04,Category B,350.5,348.5,523.0,87350.0
137,2012-04,Category C,161.5,160.5,241.5,55789.0
138,2012-04,Category D,413.5,413.5,534.0,1910.0
139,2012-04,Category E,308.5,301.0,430.0,88300.0
140,2012-05,Category A,635.5,605.0,883.5,60300.5
141,2012-05,Category B,351.5,351.5,513.5,88633.0
142,2012-05,Category C,160.5,160.0,211.5,57829.5
143,2012-05,Category D,410.0,410.0,517.0,1955.5
144,2012-05,Category E,316.0,308.0,500.5,87939.5
145,2012-06,Category A,650.5,612.0,962.0,59003.5
146,2012-06,Category B,349.5,344.0,483.5,84200.0
147,2012-06,Category C,160.0,156.5,250.0,54512.0
148,2012-06,Category D,410.0,380.5,543.0,1812.0
149,2012-06,Category E,316.0,313.0,476.5,85139.0
150,2012-07,Category A,658.5,641.0,891.5,64038.5
151,2012-07,Category B,355.5,355.0,504.0,86395.0
152,2012-07,Category C,163.5,161.5,228.0,55680.5
153,2012-07,Category D,438.5,433.5,561.5,1809.5
154,2012-07,Category E,311.0,300.5,419.5,89849.5
155,2012-08,Category A,410.5,403.0,627.0,70195.0
156,2012-08,Category B,350.5,348.0,510.5,91252.0
157,2012-08,Category C,182.0,179.0,251.0,58167.5
158,2012-08,Category D,452.0,448.5,597.0,2047.0
159,2012-08,Category E,253.5,248.0,327.5,94512.0
160,2012-09,Category A,400.5,396.5,502.0,65500.0
161,2012-09,Category B,353.0,352.0,494.5,84345.5
162,2012-09,Category C,182.5,179.0,249.5,57571.5
163,2012-09,Category D,450.0,442.0,570.5,1826.5
164,2012-09,Category E,248.5,245.0,385.0,88994.5
165,2012-10,Category A,397.0,394.5,507.5,70000.5
166,2012-10,Category B,351.5,351.5,477.0,82901.0
167,2012-10,Category C,183.0,182.5,225.0,56945.0
168,2012-10,Category D,455.0,437.5,618.0,1916.0
169,2012-10,Category E,246.0,237.5,341.5,86944.5
170,2012-11,Category A,395.5,393.0,580.5,77246.0
171,2012-11,Category B,350.5,346.0,530.0,92702.0
172,2012-11,Category C,180.0,178.5,261.0,59673.0
173,2012-11,Category D,464.5,459.5,551.5,1824.0
174,2012-11,Category E,251.0,245.5,376.5,93045.0
175,2012-12,Category A,395.0,378.0,490.5,80206.0
176,2012-12,Category B,355.0,348.5,485.5,91850.5
177,2012-12,Category C,181.5,173.0,261.5,62618.0
178,2012-12,Category D,452.0,437.5,562.0,1656.5
179,2012-12,Category E,248.0,237.0,367.5,96495.0
180,2013-01,Category A,409.5,409.0,522.0,91555.0
181,2013-01,Category B,357.0,357.0,461.0,95855.5
182,2013-01,Category C,188.5,186.0,253.0,58525.5
183,2013-01,Category D,461.5,461.5,526.5,1857.0
184,2013-01,Category E,253.5,252.0,368.5,96995.0
185,2013-02,Category A,334.0,331.0,422.5,82705.0
186,2013-02,Category B,302.5,288.5,420.0,92784.0
187,2013-02,Category C,227.5,227.5,300.5,54239.0
188,2013-02,Category D,506.0,485.5,613.0,1647.0
189,2013-02,Category E,239.5,210.5,332.5,93400.0
190,2013-03,Category A,336.5,333.0,1051.5,69449.0
191,2013-03,Category B,316.5,313.0,984.0,65995.0
192,2013-03,Category C,225.0,224.0,343.0,54005.5
193,2013-03,Category D,526.5,526.5,651.5,1902.0
194,2013-03,Category E,267.0,262.5,835.5,69151.0
195,2013-04,Category A,337.0,336.0,979.5,61763.0
196,2013-04,Category B,306.0,284.0,759.0,64505.0
197,2013-04,Category C,226.0,222.5,344.0,57256.5
198,2013-04,Category D,506.0,458.5,612.5,1801.5
199,2013-04,Category E,242.5,235.5,435.5,64494.5
200,2013-05,Category A,334.5,326.5,900.0,63919.0
201,2013-05,Category B,324.5,323.0,675.0,64502.0
202,2013-05,Category C,229.0,227.5,300.0,56970.0
203,2013-05,Category D,553.5,527.0,680.5,1681.5
204,2013-05,Category E,245.0,238.5,456.5,64501.0
205,2013-06,Category A,341.5,338.5,821.5,68602.0
206,2013-06,Category B,303.5,289.0,733.0,78375.5
207,2013-06,Category C,227.0,223.5,290.5,58495.0
208,2013-06,Category D,532.5,506.5,631.5,1706.5
209,2013-06,Category E,245.0,219.5,500.0,79500.5
210,2013-07,Category A,336.0,330.0,668.5,73544.5
211,2013-07,Category B,317.0,313.0,613.0,76749.5
212,2013-07,Category C,229.0,226.0,318.0,63023.5
213,2013-07,Category D,532.0,526.0,665.5,1661.0
214,2013-07,Category E,264.0,260.5,455.0,76901.0
215,2013-08,Category A,369.5,365.5,675.0,75889.5
216,2013-08,Category B,377.5,372.0,654.5,77103.5
217,2013-08,Category C,260.5,257.0,374.5,69626.0
218,2013-08,Category D,486.5,465.0,591.5,1757.0
219,2013-08,Category E,264.0,262.5,396.0,78606.0
220,2013-09,Category A,368.0,363.0,631.5,80527.5
221,2013-09,Category B,379.0,373.0,663.0,81669.5
222,2013-09,Category C,260.5,255.5,330.5,75000.0
223,2013-09,Category D,502.0,501.0,574.0,1681.5
224,2013-09,Category E,262.0,217.0,445.0,83500.5
225,2013-10,Category A,369.0,367.0,605.5,80944.5
226,2013-10,Category B,379.0,374.5,582.0,90705.0
227,2013-10,Category C,262.0,261.5,336.5,72156.0
228,2013-10,Category D,481.5,478.0,576.5,1882.5
229,2013-10,Category E,305.5,297.0,410.0,93089.0
230,2013-11,Category A,366.0,364.5,620.0,73800.0
231,2013-11,Category B,377.5,375.5,509.0,81939.0
232,2013-11,Category C,257.5,254.0,412.0,55252.5
233,2013-11,Category D,484.0,462.0,556.0,1711.0
234,2013-11,Category E,269.5,264.5,394.5,86000.5
235,2013-12,Category A,365.5,363.5,582.5,73581.0
236,2013-12,Category B,375.0,358.5,524.5,74355.0
237,2013-12,Category C,260.5,256.5,348.5,49556.5
238,2013-12,Category D,502.5,487.0,663.5,1797.0
239,2013-12,Category E,266.0,266.0,370.0,77201.0
240,2014-01,Category A,366.0,362.5,673.5,72329.5
241,2014-01,Category B,389.5,382.5,546.5,78850.0
242,2014-01,Category C,261.0,250.5,346.5,49445.0
243,2014-01,Category D,496.0,495.0,669.0,2346.5
244,2014-01,Category E,261.0,251.5,382.5,78905.0
245,2014-02,Category A,362.0,357.0,709.5,74382.5
246,2014-02,Category B,357.5,356.5,521.0,76952.0
247,2014-02,Category C,272.0,268.5,378.0,51946.0
248,2014-02,Category D,360.5,356.0,514.0,3276.0
249,2014-02,Category E,200.5,198.0,336.0,78001.5
250,2014-03,Category A,363.5,358.0,596.0,77800.5
251,2014-03,Category B,351.5,344.5,511.5,81805.0
252,2014-03,Category C,265.5,259.0,397.5,55096.5
253,2014-03,Category D,364.0,347.5,466.0,4145.0
254,2014-03,Category E,193.0,188.5,292.5,83000.5
255,2014-04,Category A,364.0,358.5,525.0,74367.5
256,2014-04,Category B,357.0,356.0,504.5,79757.0
257,2014-04,Category C,268.5,263.5,347.5,41196.5
258,2014-04,Category D,376.5,369.0,506.0,4495.5
259,2014-04,Category E,195.5,194.5,296.5,78955.0
260,2014-05,Category A,511.0,509.0,836.5,62845.5
261,2014-05,Category B,483.5,474.5,747.0,69052.5
262,2014-05,Category C,390.5,387.5,712.0,38595.0
263,2014-05,Category D,350.5,328.0,468.5,4002.0
264,2014-05,Category E,294.5,290.0,511.0,66395.5
265,2014-06,Category A,508.0,502.5,1040.0,62544.5
266,2014-06,Category B,492.0,479.5,761.5,66502.0
267,2014-06,Category C,388.0,381.5,607.0,42501.0
268,2014-06,Category D,365.5,363.5,476.0,3989.5
269,2014-06,Category E,297.5,284.0,449.5,66317.5
270,2014-07,Category A,511.0,508.0,1132.5,62440.0
271,2014-07,Category B,495.5,494.0,831.0,64945.0
272,2014-07,Category C,391.5,387.0,716.0,47700.0
273,2014-07,Category D,345.5,342.0,412.5,4126.5
274,2014-07,Category E,306.5,302.5,462.0,64001.5
275,2014-08,Category A,574.5,574.0,1040.0,65155.0
276,2014-08,Category B,506.5,501.5,1113.5,70839.5
277,2014-08,Category C,262.0,260.5,473.0,53199.5
278,2014-08,Category D,319.0,316.0,360.5,4353.5
279,2014-08,Category E,243.0,233.5,393.5,70905.5
280,2014-09,Category A,572.5,570.5,802.5,63420.5
281,2014-09,Category B,510.0,509.0,847.0,72500.0
282,2014-09,Category C,259.5,254.0,433.0,49895.0
283,2014-09,Category D,318.0,317.0,388.0,4478.5
284,2014-09,Category E,248.5,243.5,390.0,74602.0
285,2014-10,Category A,573.5,569.5,1094.5,63935.0
286,2014-10,Category B,506.0,503.5,837.0,72091.0
287,2014-10,Category C,263.0,261.5,466.0,59194.5
288,2014-10,Category D,316.5,313.0,466.5,4606.0
289,2014-10,Category E,243.5,239.0,362.5,72102.0
290,2014-11,Category A,702.0,693.0,1170.0,66394.5
291,2014-11,Category B,572.0,559.5,866.0,71890.0
292,2014-11,Category C,142.5,138.5,258.5,64351.0
293,2014-11,Category D,320.0,318.5,384.5,4239.5
294,2014-11,Category E,267.5,267.0,392.5,72600.0
295,2014-12,Category A,707.0,701.0,932.0,66489.0
296,2014-12,Category B,581.5,577.0,814.0,74194.5
297,2014-12,Category C,145.0,137.5,232.0,56050.5
298,2014-12,Category D,318.5,292.0,379.5,4261.0
299,2014-12,Category E,264.5,260.5,408.0,75447.0
300,2015-01,Category A,704.5,700.5,1004.0,65505.5
301,2015-01,Category B,573.5,573.0,874.0,76089.0
302,2015-01,Category C,148.0,147.0,271.5,55011.5
303,2015-01,Category D,343.5,339.5,441.5,4646.0
304,2015-01,Category E,268.0,255.5,408.5,75995.0
305,2015-02,Category A,990.0,989.5,1294.5,59600.5
306,2015-02,Category B,723.0,722.0,998.0,68820.5
307,2015-02,Category C,185.0,184.0,322.0,52651.5
308,2015-02,Category D,289.0,286.5,390.0,5652.0
309,2015-02,Category E,187.0,187.0,330.5,69911.0
310,2015-03,Category A,987.0,986.5,2185.5,63055.0
311,2015-03,Category B,723.0,720.0,1296.5,70278.5
312,2015-03,Category C,185.0,179.0,330.0,58250.0
313,2015-03,Category D,287.5,287.0,364.0,5555.5
314,2015-03,Category E,174.5,167.0,306.0,71300.0
315,2015-04,Category A,987.5,974.5,2197.5,67675.0
316,2015-04,Category B,725.0,712.0,1593.0,77306.5
317,2015-04,Category C,191.0,187.5,287.0,58501.0
318,2015-04,Category D,285.5,277.5,409.0,6556.5
319,2015-04,Category E,181.5,164.0,321.0,78750.0
320,2015-05,Category A,1439.0,1434.5,2621.0,67589.5
321,2015-05,Category B,941.0,941.0,1516.0,76301.0
322,2015-05,Category C,371.5,367.5,545.5,51049.5
323,2015-05,Category D,334.0,309.5,447.5,6506.5
324,2015-05,Category E,287.5,285.5,404.5,78002.5
325,2015-06,Category A,1430.5,1407.0,1854.5,63500.0
326,2015-06,Category B,928.5,924.5,1264.0,73254.5
327,2015-06,Category C,372.0,369.5,494.5,50701.0
328,2015-06,Category D,351.0,347.5,439.0,6455.0
329,2015-06,Category E,272.0,268.0,382.5,75151.0
330,2015-07,Category A,1450.5,1414.5,1928.5,57294.5
331,2015-07,Category B,932.0,931.0,1221.5,61805.0
332,2015-07,Category C,370.5,370.5,465.5,50001.5
333,2015-07,Category D,330.5,324.0,455.5,6410.0
334,2015-07,Category E,273.0,271.0,426.0,64551.0
335,2015-08,Category A,1722.0,1721.5,2521.5,56853.5
336,2015-08,Category B,1057.5,1055.0,1592.5,61464.5
337,2015-08,Category C,182.5,182.5,272.5,47901.5
338,2015-08,Category D,361.0,337.5,472.5,6156.5
339,2015-08,Category E,363.0,358.5,608.0,59443.0
340,2015-09,Category A,1687.5,1686.0,2414.5,56244.0
341,2015-09,Category B,1058.5,1049.5,1499.5,61051.0
342,2015-09,Category C,182.0,177.0,363.5,46045.0
343,2015-09,Category D,378.5,356.0,491.0,6335.0
344,2015-09,Category E,365.5,363.0,561.0,61155.0
345,2015-10,Category A,1688.5,1681.5,2219.5,56651.0
346,2015-10,Category B,1065.0,1056.5,1370.0,59039.5
347,2015-10,Category C,187.0,183.5,335.5,43596.5
348,2015-10,Category D,377.5,375.5,434.0,6251.5
349,2015-10,Category E,363.5,358.0,583.0,59400.5
350,2015-11,Category A,1663.0,1636.5,2074.5,57600.5
351,2015-11,Category B,1033.0,1028.5,1327.5,59302.0
352,2015-11,Category C,244.0,242.0,380.5,44849.5
353,2015-11,Category D,329.0,312.5,419.0,6207.0
354,2015-11,Category E,366.0,364.0,512.0,61354.0
355,2015-12,Category A,1683.5,1681.5,2055.0,55645.0
356,2015-12,Category B,1029.0,1026.5,1262.0,57501.0
357,2015-12,Category C,242.5,239.5,328.0,47051.0
358,2015-12,Category D,343.5,343.0,404.0,6550.5
359,2015-12,Category E,362.0,361.0,503.5,58752.0
360,2016-01,Category A,1659.0,1643.5,2725.0,48151.5
361,2016-01,Category B,1026.5,1022.5,1298.0,52504.5
362,2016-01,Category C,244.0,242.0,370.0,44269.0
363,2016-01,Category D,327.5,319.5,412.0,6700.5
364,2016-01,Category E,361.0,355.5,605.5,53044.5
365,2016-02,Category A,2043.5,2029.0,2968.5,44825.5
366,2016-02,Category B,1212.0,1206.5,2261.0,42790.0
367,2016-02,Category C,164.5,162.0,234.0,45018.5
368,2016-02,Category D,365.0,364.5,474.5,6428.0
369,2016-02,Category E,451.0,446.5,848.5,44505.0
370,2016-03,Category A,2043.0,1988.5,3677.0,45252.0
371,2016-03,Category B,1214.5,1209.0,2598.5,47053.0
372,2016-03,Category C,164.5,163.0,242.5,47696.0
373,2016-03,Category D,357.0,356.0,429.5,6546.0
374,2016-03,Category E,450.5,378.5,931.5,47334.5
375,2016-04,Category A,2083.5,2082.0,3523.0,46654.5
376,2016-04,Category B,1214.5,1177.0,2305.5,48301.0
377,2016-04,Category C,163.5,161.5,238.0,43607.5
378,2016-04,Category D,357.0,348.5,446.0,6502.0
379,2016-04,Category E,518.0,389.5,1115.5,48505.5
380,2016-05,Category A,2217.5,2199.5,3336.5,47454.5
381,2016-05,Category B,1499.5,1495.0,2378.5,50083.0
382,2016-05,Category C,230.5,230.5,339.5,42652.0
383,2016-05,Category D,406.5,389.0,509.5,6302.5
384,2016-05,Category E,642.0,619.0,1097.5,49350.0
385,2016-06,Category A,2235.0,2205.0,4251.0,54447.0
386,2016-06,Category B,1466.5,1462.5,3175.0,56505.0
387,2016-06,Category C,228.0,222.5,344.5,47218.0
388,2016-06,Category D,414.5,392.0,512.0,6302.5
389,2016-06,Category E,537.0,532.0,934.5,56245.0
390,2016-07,Category A,2247.0,2229.0,3194.5,52650.5
391,2016-07,Category B,1466.0,1466.0,2493.0,56798.5
392,2016-07,Category C,233.5,230.0,327.0,48889.5
393,2016-07,Category D,419.5,394.5,555.5,6157.0
394,2016-07,Category E,519.0,508.5,785.5,56751.5
395,2016-08,Category A,2026.0,1996.5,2757.5,52918.5
396,2016-08,Category B,1336.0,1317.0,2122.0,57201.5
397,2016-08,Category C,178.5,177.5,240.5,48151.5
398,2016-08,Category D,384.0,360.5,549.5,6279.0
399,2016-08,Category E,439.5,425.0,614.0,57578.5
400,2016-09,Category A,2037.5,2002.0,2674.5,50753.0
401,2016-09,Category B,1355.0,1346.0,2100.0,56251.5
402,2016-09,Category C,176.0,170.0,248.5,49845.5
403,2016-09,Category D,382.5,368.0,499.5,6476.5
404,2016-09,Category E,443.5,439.5,657.5,56045.0
405,2016-10,Category A,2043.5,2000.0,2761.0,51249.0
406,2016-10,Category B,1345.0,1287.5,1776.5,54705.5
407,2016-10,Category C,182.0,179.5,242.0,47145.5
408,2016-10,Category D,373.5,357.5,464.0,6353.5
409,2016-10,Category E,432.5,431.5,660.0,55270.0
410,2016-11,Category A,1887.5,1887.5,2668.0,51809.5
411,2016-11,Category B,1300.5,1299.0,1860.0,54603.5
412,2016-11,Category C,183.5,181.0,284.5,48501.5
413,2016-11,Category D,387.0,363.5,488.5,6261.5
414,2016-11,Category E,401.0,392.5,586.0,55450.5
415,2016-12,Category A,1844.0,1827.5,2444.5,48875.5
416,2016-12,Category B,1244.5,1239.5,1773.0,48669.0
417,2016-12,Category C,183.5,179.5,268.0,50354.5
418,2016-12,Category D,394.5,388.0,460.0,6107.0
419,2016-12,Category E,408.5,407.5,655.5,50199.5
420,2017-01,Category A,1861.5,1818.0,2348.5,50495.0
421,2017-01,Category B,1249.0,1234.5,1901.0,52956.5
422,2017-01,Category C,184.5,176.5,262.5,46651.5
423,2017-01,Category D,376.5,352.5,425.0,6052.5
424,2017-01,Category E,400.5,387.5,655.0,52800.5
425,2017-02,Category A,2096.5,2070.0,2808.5,48915.5
426,2017-02,Category B,1371.5,1364.5,1954.5,49415.0
427,2017-02,Category C,169.0,163.0,258.5,49355.5
428,2017-02,Category D,370.0,355.0,643.5,6606.5
429,2017-02,Category E,494.0,485.5,802.5,49778.0
430,2017-03,Category A,2078.5,2070.5,3075.5,51277.0
431,2017-03,Category B,1364.0,1356.5,2189.5,53650.0
432,2017-03,Category C,167.0,166.5,233.5,48019.0
433,2017-03,Category D,361.5,356.5,499.5,7782.0
434,2017-03,Category E,490.5,488.5,773.0,53751.0
435,2017-04,Category A,2060.0,2045.5,2464.0,51800.0
436,2017-04,Category B,1364.5,1362.5,1985.0,54405.5
437,2017-04,Category C,162.5,162.0,430.0,36203.5
438,2017-04,Category D,351.0,339.5,497.0,7150.5
439,2017-04,Category E,484.0,481.0,730.0,54586.0
440,2017-05,Category A,1912.5,1909.0,2420.5,48797.5
441,2017-05,Category B,1322.5,1320.5,1860.5,54207.5
442,2017-05,Category C,1084.5,1081.0,2539.0,28314.5
443,2017-05,Category D,465.5,451.5,584.5,6201.0
444,2017-05,Category E,530.5,517.0,743.0,53500.0
445,2017-06,Category A,1902.0,1895.5,2273.5,44001.0
446,2017-06,Category B,1323.0,1322.0,1616.5,48805.5
447,2017-06,Category C,1088.5,1086.0,2217.0,37690.0
448,2017-06,Category D,467.5,407.5,837.0,6051.0
449,2017-06,Category E,540.5,523.5,901.5,49263.5
450,2017-07,Category A,1905.5,1903.5,2342.5,43401.5
451,2017-07,Category B,1322.0,1317.5,1847.0,49901.5
452,2017-07,Category C,1086.5,1081.0,2066.0,41510.5
453,2017-07,Category D,513.0,400.5,931.5,5926.0
454,2017-07,Category E,545.0,518.5,906.5,50000.0
455,2017-08,Category A,1817.0,1814.5,2275.5,44839.0
456,2017-08,Category B,1289.5,1285.5,1830.5,52355.5
457,2017-08,Category C,449.5,440.5,789.0,42402.5
458,2017-08,Category D,589.5,548.0,974.0,4606.5
459,2017-08,Category E,566.5,553.5,801.5,51375.5
460,2017-09,Category A,1817.5,1810.5,2832.0,39451.5
461,2017-09,Category B,1289.0,1289.0,1781.5,49094.5
462,2017-09,Category C,453.0,429.5,700.5,44946.0
463,2017-09,Category D,518.5,514.0,799.0,5451.5
464,2017-09,Category E,554.0,553.0,855.0,48508.5
465,2017-10,Category A,1822.0,1818.0,2599.5,41689.0
466,2017-10,Category B,1285.0,1280.5,1682.0,49052.5
467,2017-10,Category C,468.5,467.5,667.0,50396.0
468,2017-10,Category D,481.5,466.5,704.0,4956.5
469,2017-10,Category E,541.0,533.5,839.0,50500.0
470,2017-11,Category A,1684.5,1681.0,3075.5,46951.5
471,2017-11,Category B,1379.5,1379.0,2344.0,57402.0
472,2017-11,Category C,243.0,220.5,365.5,57868.5
473,2017-11,Category D,523.5,517.5,695.5,5747.0
474,2017-11,Category E,520.0,496.5,855.5,57250.5
475,2017-12,Category A,1683.5,1660.5,2064.0,40269.5
476,2017-12,Category B,1374.5,1371.0,1719.5,50356.5
477,2017-12,Category C,265.5,255.5,468.0,43556.0
478,2017-12,Category D,515.0,479.0,767.0,7026.5
479,2017-12,Category E,536.5,533.0,917.0,51172.5
480,2018-01,Category A,1703.0,1700.5,2101.0,39145.0
481,2018-01,Category B,1377.5,1374.0,1732.5,43975.0
482,2018-01,Category C,253.0,247.0,428.5,39550.5
483,2018-01,Category D,545.0,456.5,852.5,7851.0
484,2018-01,Category E,516.5,506.5,870.0,45695.0
485,2018-02,Category A,1559.5,1547.5,2231.0,38405.0
486,2018-02,Category B,1393.5,1387.5,1787.5,40661.0
487,2018-02,Category C,253.0,252.5,487.5,37581.0
488,2018-02,Category D,600.5,588.0,1003.0,8059.0
489,2018-02,Category E,576.0,571.5,1003.0,39352.0
490,2018-03,Category A,1569.5,1561.5,2261.0,38415.0
491,2018-03,Category B,1396.0,1382.0,1685.0,38005.5
492,2018-03,Category C,247.0,218.0,412.0,35502.0
493,2018-03,Category D,525.0,521.0,844.0,7805.5
494,2018-03,Category E,571.0,544.5,972.0,38500.0
495,2018-04,Category A,1566.0,1565.0,1957.5,37755.0
496,2018-04,Category B,1403.0,1401.0,1804.0,37467.5
497,2018-04,Category C,276.0,235.5,480.5,34101.5
498,2018-04,Category D,517.0,499.0,840.0,7114.5
499,2018-04,Category E,592.5,587.5,997.0,38214.0
500,2018-05,Category A,1434.5,1425.0,1820.5,38471.0
501,2018-05,Category B,1281.5,1257.0,2035.0,38245.0
502,2018-05,Category C,346.5,285.0,698.5,31545.5
503,2018-05,Category D,544.5,522.0,1034.5,7159.5
504,2018-05,Category E,561.5,547.5,922.0,38650.0
505,2018-06,Category A,1443.5,1438.5,1757.0,35268.0
506,2018-06,Category B,1304.5,1298.0,1728.0,34950.0
507,2018-06,Category C,366.5,355.0,616.5,30951.5
508,2018-06,Category D,549.5,502.0,799.5,6945.0
509,2018-06,Category E,570.0,552.5,897.5,35700.0
510,2018-07,Category A,1439.0,1419.5,2363.0,28849.5
511,2018-07,Category B,1286.5,1283.0,1778.0,31775.5
512,2018-07,Category C,316.5,260.5,536.5,30990.5
513,2018-07,Category D,574.5,560.0,789.5,6351.5
514,2018-07,Category E,574.5,570.0,1028.5,31905.0
515,2018-08,Category A,1683.5,1683.5,3290.5,32897.5
516,2018-08,Category B,1268.5,1257.5,2081.5,33405.0
517,2018-08,Category C,394.0,267.0,592.0,30145.5
518,2018-08,Category D,834.5,807.0,1192.0,5201.5
519,2018-08,Category E,531.5,524.5,911.5,32865.5
520,2018-09,Category A,1664.0,1658.0,2273.5,29104.5
521,2018-09,Category B,1276.0,1268.5,1909.0,31654.0
522,2018-09,Category C,464.0,455.0,766.5,27052.5
523,2018-09,Category D,847.5,844.0,1155.5,4302.0
524,2018-09,Category E,535.0,512.5,967.0,31900.5
525,2018-10,Category A,1671.0,1668.5,1935.0,27006.5
526,2018-10,Category B,1272.0,1254.0,1871.0,31301.5
527,2018-10,Category C,346.0,344.5,496.0,29001.0
528,2018-10,Category D,823.0,814.0,1170.5,4030.0
529,2018-10,Category E,550.0,535.0,922.5,32726.0
530,2018-11,Category A,1818.5,1750.5,2540.0,26599.5
531,2018-11,Category B,1253.0,1248.0,1964.0,31701.5
532,2018-11,Category C,331.5,329.5,520.0,28505.0
533,2018-11,Category D,1112.0,1098.5,1483.0,2749.0
534,2018-11,Category E,554.5,545.0,896.0,31479.5
535,2018-12,Category A,1884.0,1882.5,2453.0,24534.5
536,2018-12,Category B,1241.0,1232.5,1792.0,31001.0
537,2018-12,Category C,331.0,323.0,496.0,27005.0
538,2018-12,Category D,1117.5,1113.5,1429.0,3594.0
539,2018-12,Category E,548.5,545.5,899.5,31330.0
540,2019-01,Category A,1816.5,1811.0,2785.5,26045.0
541,2019-01,Category B,1244.5,1236.0,1968.5,33094.5
542,2019-01,Category C,337.0,325.0,504.5,26616.0
543,2019-01,Category D,1108.0,1103.5,1434.5,3249.5
544,2019-01,Category E,543.0,535.0,786.5,33299.0
545,2019-02,Category A,1656.0,1651.5,2316.0,25995.0
546,2019-02,Category B,1208.0,1191.0,1965.0,34956.0
547,2019-02,Category C,316.0,315.0,449.5,26646.0
548,2019-02,Category D,830.0,825.5,1132.0,3699.0
549,2019-02,Category E,405.0,399.5,601.5,35988.5
550,2019-03,Category A,1654.5,1650.0,2208.5,26484.0
551,2019-03,Category B,1217.0,1212.5,1890.5,38181.0
552,2019-03,Category C,305.0,302.5,427.0,27015.5
553,2019-03,Category D,829.5,823.5,1107.0,3535.5
554,2019-03,Category E,402.5,400.5,709.5,39310.0
555,2019-04,Category A,1654.5,1626.5,2293.5,31179.0
556,2019-04,Category B,1203.5,1191.5,1708.0,45551.0
557,2019-04,Category C,306.5,294.0,495.5,29795.0
558,2019-04,Category D,832.0,818.5,1161.0,3476.5
559,2019-04,Category E,399.0,391.0,657.5,50309.5
560,2019-05,Category A,1453.0,1453.0,1893.5,31852.0
561,2019-05,Category B,1151.0,1150.0,1383.5,45287.0
562,2019-05,Category C,401.5,400.0,605.0,27979.5
563,2019-05,Category D,910.5,891.0,1173.5,3277.0
564,2019-05,Category E,383.0,377.0,569.5,49751.0
565,2019-06,Category A,1424.0,1321.0,1822.0,28504.0
566,2019-06,Category B,1140.0,1137.0,1382.0,37817.0
567,2019-06,Category C,391.0,389.5,571.0,25501.5
568,2019-06,Category D,917.0,913.0,1168.0,3045.0
569,2019-06,Category E,380.5,377.5,630.0,40701.0
570,2019-07,Category A,1527.0,1522.5,1848.5,27628.0
571,2019-07,Category B,1142.0,1137.5,1533.5,36703.0
572,2019-07,Category C,391.5,387.5,653.0,24844.0
573,2019-07,Category D,901.0,893.5,1167.0,3317.5
574,2019-07,Category E,377.0,372.0,637.0,38395.0
575,2019-08,Category A,1060.5,1060.5,1874.0,32321.0
576,2019-08,Category B,1046.0,1043.0,1451.0,39301.5
577,2019-08,Category C,287.5,278.0,469.0,27150.5
578,2019-08,Category D,746.5,662.5,1025.0,4350.5
579,2019-08,Category E,360.0,353.0,591.0,40257.0
580,2019-09,Category A,1056.0,1054.5,1554.5,31771.0
581,2019-09,Category B,1045.0,1041.0,1353.5,36500.5
582,2019-09,Category C,292.5,290.5,495.0,25529.0
583,2019-09,Category D,823.0,802.5,1141.5,3845.0
584,2019-09,Category E,362.0,350.0,592.0,38956.0
585,2019-10,Category A,1058.5,1044.5,1563.0,33155.0
586,2019-10,Category B,1046.0,1039.5,1531.0,41583.0
587,2019-10,Category C,285.0,282.5,480.5,26255.0
588,2019-10,Category D,759.0,754.5,1012.5,3844.5
589,2019-10,Category E,366.5,357.0,553.5,41510.5
590,2019-11,Category A,1033.0,1021.5,1385.0,31000.0
591,2019-11,Category B,1018.0,1016.0,1313.5,39854.5
592,2019-11,Category C,320.0,320.0,467.5,24947.0
593,2019-11,Category D,695.5,691.5,902.5,4010.5
594,2019-11,Category E,386.5,379.5,563.5,40495.0
595,2019-12,Category A,1029.5,1013.0,1321.0,32949.0
596,2019-12,Category B,1014.0,1009.0,1258.0,36950.0
597,2019-12,Category C,318.0,311.0,421.5,23452.0
598,2019-12,Category D,695.0,687.0,879.0,3723.5
599,2019-12,Category E,384.0,375.0,507.0,38439.0
600,2020-01,Category A,1034.5,1025.5,1420.0,35165.0
601,2020-01,Category B,1017.0,1014.5,1193.0,37407.0
602,2020-01,Category C,325.0,306.5,480.5,24701.5
603,2020-01,Category D,700.0,699.5,1010.0,4299.5
604,2020-01,Category E,386.0,382.5,534.5,37750.0
605,2020-02,Category A,982.0,975.0,1384.0,31504.5
606,2020-02,Category B,985.5,979.0,1316.0,31889.5
607,2020-02,Category C,333.0,266.5,532.5,25007.0
608,2020-02,Category D,577.5,568.0,775.0,4355.0
609,2020-02,Category E,331.5,327.0,537.5,34100.5
610,2020-03,Category A,980.0,967.5,1428.5,31954.5
611,2020-03,Category B,989.5,965.0,1356.5,31406.5
612,2020-03,Category C,381.5,381.5,606.0,23102.0
613,2020-03,Category D,587.0,581.5,771.0,4399.5
614,2020-03,Category E,332.0,327.5,507.5,32500.0
615,2020-07,Category A,1296.5,1288.0,2773.0,33109.5
616,2020-07,Category B,1315.0,1288.0,2828.5,35445.0
617,2020-07,Category C,489.0,481.5,812.5,24195.0
618,2020-07,Category D,869.0,860.0,1483.0,7106.0
619,2020-07,Category E,446.0,437.0,825.5,34995.0
620,2020-08,Category A,1028.0,1013.0,2073.0,34355.0
621,2020-08,Category B,927.5,920.0,1856.0,37952.0
622,2020-08,Category C,357.5,355.0,622.0,24553.0
623,2020-08,Category D,499.0,494.0,758.5,7566.5
624,2020-08,Category E,473.0,466.5,774.0,37306.0
625,2020-09,Category A,1034.5,1033.0,1638.5,38135.0
626,2020-09,Category B,908.0,902.0,1606.0,41249.5
627,2020-09,Category C,352.5,348.0,558.0,27616.5
628,2020-09,Category D,495.0,490.0,666.5,7365.0
629,2020-09,Category E,470.5,469.0,671.5,40895.5
630,2020-10,Category A,914.0,907.0,1297.5,36934.0
631,2020-10,Category B,799.0,796.5,1245.0,40840.0
632,2020-10,Category C,316.0,314.5,562.5,33433.5
633,2020-10,Category D,426.0,415.0,618.5,7375.5
634,2020-10,Category E,428.5,399.5,680.0,40095.0
635,2020-11,Category A,969.5,959.0,1311.5,36840.0
636,2020-11,Category B,1010.0,995.5,1487.0,40050.5
637,2020-11,Category C,369.5,368.5,577.5,30918.0
638,2020-11,Category D,535.0,532.0,703.0,7275.5
639,2020-11,Category E,492.0,487.5,743.0,40501.5
640,2020-12,Category A,973.5,972.0,1511.5,40635.0
641,2020-12,Category B,1022.0,1008.5,1671.5,47156.0
642,2020-12,Category C,368.5,359.0,619.5,34045.0
643,2020-12,Category D,528.0,514.5,738.5,7679.5
644,2020-12,Category E,467.5,465.0,705.0,47505.0
645,2021-01,Category A,964.5,954.0,1294.5,42055.0
646,2021-01,Category B,1020.5,1019.5,1367.0,49550.5
647,2021-01,Category C,376.5,365.0,675.0,38449.5
648,2021-01,Category D,538.5,516.5,699.0,7545.0
649,2021-01,Category E,466.5,460.5,731.5,50694.5
650,2021-02,Category A,894.0,890.5,1162.0,41500.5
651,2021-02,Category B,942.5,940.5,1137.5,46396.0
652,2021-02,Category C,267.5,249.5,467.0,42945.5
653,2021-02,Category D,563.0,563.0,710.0,7503.0
654,2021-02,Category E,302.0,301.0,469.0,48642.0
655,2021-03,Category A,886.5,883.0,1180.5,43292.5
656,2021-03,Category B,944.0,929.0,1171.5,46001.0
657,2021-03,Category C,273.5,267.0,493.5,38551.0
658,2021-03,Category D,542.0,531.0,703.5,7771.5
659,2021-03,Category E,297.0,293.5,440.0,47403.5
660,2021-04,Category A,886.5,881.5,1251.0,47620.0
661,2021-04,Category B,957.0,949.0,1554.5,56749.5
662,2021-04,Category C,262.5,259.5,464.5,40067.5
663,2021-04,Category D,553.0,528.0,734.5,8000.0
664,2021-04,Category E,299.5,290.5,634.0,57150.0
665,2021-05,Category A,833.5,818.5,1154.5,44901.5
666,2021-05,Category B,818.0,815.0,1166.5,59045.0
667,2021-05,Category C,160.5,101.0,288.0,42351.0
668,2021-05,Category D,639.0,632.0,902.5,8356.0
669,2021-05,Category E,267.0,264.0,393.5,62501.0
670,2021-06,Category A,844.0,821.5,1308.5,48165.5
671,2021-06,Category B,812.0,791.5,1045.0,58070.5
672,2021-06,Category C,216.5,209.5,445.5,37001.0
673,2021-06,Category D,622.0,600.5,820.0,8602.0
674,2021-06,Category E,262.0,258.0,425.0,59556.5
675,2021-07,Category A,851.5,848.0,1194.5,46005.5
676,2021-07,Category B,829.5,818.0,1097.0,57800.5
677,2021-07,Category C,164.0,161.0,338.5,39211.5
678,2021-07,Category D,635.5,630.5,811.5,8595.5
679,2021-07,Category E,263.0,261.5,412.0,58850.5
680,2021-08,Category A,805.5,805.0,1074.0,45939.0
681,2021-08,Category B,782.5,772.0,1022.5,58501.0
682,2021-08,Category C,118.0,112.0,226.5,41299.5
683,2021-08,Category D,450.0,448.0,651.0,9199.5
684,2021-08,Category E,198.5,193.5,348.0,62250.0
685,2021-09,Category A,803.5,792.5,1082.0,47500.0
686,2021-09,Category B,781.5,778.0,1134.5,65455.0
687,2021-09,Category C,121.0,111.5,207.0,39500.5
688,2021-09,Category D,447.0,444.0,610.0,9389.0
689,2021-09,Category E,202.0,188.0,359.5,67351.0
690,2021-10,Category A,813.5,809.0,1190.5,49855.0
691,2021-10,Category B,774.0,770.5,1185.0,75205.0
692,2021-10,Category C,125.5,124.0,242.5,39695.5
693,2021-10,Category D,447.0,443.5,615.0,9181.0
694,2021-10,Category E,212.0,195.5,416.5,78878.0
695,2021-11,Category A,536.5,533.0,770.0,54355.0
696,2021-11,Category B,590.5,583.0,818.0,81201.0
697,2021-11,Category C,91.5,90.0,168.5,42751.5
698,2021-11,Category D,414.5,403.0,550.0,9381.0
699,2021-11,Category E,161.5,144.0,255.0,87000.5
700,2021-12,Category A,535.0,529.5,755.5,57905.5
701,2021-12,Category B,594.0,591.5,825.5,80695.0
702,2021-12,Category C,91.5,91.0,148.5,44500.0
703,2021-12,Category D,423.0,411.0,573.0,9501.0
704,2021-12,Category E,163.0,161.0,243.0,84444.5
705,2022-01,Category A,537.0,529.5,735.5,57748.5
706,2022-01,Category B,589.5,584.5,809.5,79850.5
707,2022-01,Category C,90.5,89.0,173.5,42600.5
708,2022-01,Category D,423.5,415.0,546.5,9844.5
709,2022-01,Category E,147.0,147.0,209.5,83206.0
710,2022-02,Category A,539.0,533.0,847.5,61880.5
711,2022-02,Category B,554.5,551.5,902.0,89846.0
712,2022-02,Category C,78.0,70.5,171.5,45251.0
713,2022-02,Category D,413.0,410.5,538.0,10299.5
714,2022-02,Category E,180.0,175.5,284.5,90051.0
715,2022-03,Category A,537.0,534.0,905.5,70028.5
716,2022-03,Category B,553.0,548.0,842.0,96889.0
717,2022-03,Category C,83.5,79.0,182.5,50196.5
718,2022-03,Category D,407.0,406.0,588.5,10950.5
719,2022-03,Category E,185.0,183.5,331.0,98950.0
720,2022-04,Category A,534.0,527.5,733.5,70847.5
721,2022-04,Category B,555.0,554.5,697.5,94195.5
722,2022-04,Category C,80.5,80.0,195.5,53451.5
723,2022-04,Category D,405.5,380.0,550.0,10152.0
724,2022-04,Category E,182.0,178.0,292.5,97900.0
725,2022-05,Category A,618.5,617.5,811.5,69451.0
726,2022-05,Category B,527.5,524.5,704.0,93989.5
727,2022-05,Category C,103.5,101.5,202.0,51195.5
728,2022-05,Category D,586.0,580.0,836.0,9489.5
729,2022-05,Category E,193.0,191.0,296.0,93506.5
730,2022-06,Category A,613.0,602.5,862.0,74395.0
731,2022-06,Category B,529.5,529.5,836.5,103342.5
732,2022-06,Category C,105.0,105.0,213.5,53006.5
733,2022-06,Category D,566.5,556.0,788.0,10151.0
734,2022-06,Category E,192.0,187.5,296.0,102548.5
735,2022-07,Category A,622.5,613.0,867.0,78450.0
736,2022-07,Category B,527.0,524.0,698.5,108901.5
737,2022-07,Category C,102.0,94.5,167.0,54445.0
738,2022-07,Category D,571.5,534.0,745.5,10899.5
739,2022-07,Category E,194.5,192.5,328.5,112262.5
740,2022-08,Category A,552.5,546.0,762.0,83944.5
741,2022-08,Category B,472.5,472.0,638.5,109501.0
742,2022-08,Category C,91.0,90.0,182.0,57589.5
743,2022-08,Category D,541.5,532.0,684.5,11050.5
744,2022-08,Category E,165.0,158.0,283.0,112500.5
745,2022-09,Category A,549.5,531.0,741.0,85000.0
746,2022-09,Category B,470.5,468.5,590.0,110525.5
747,2022-09,Category C,84.0,79.5,168.0,65995.0
748,2022-09,Category D,513.5,507.0,623.0,11445.0
749,2022-09,Category E,170.5,163.0,278.5,110250.0
750,2022-10,Category A,561.5,559.5,719.0,80795.0
751,2022-10,Category B,472.0,467.5,741.5,102928.0
752,2022-10,Category C,87.5,84.5,222.5,68096.0
753,2022-10,Category D,510.5,507.5,628.0,12276.0
754,2022-10,Category E,171.5,169.5,258.5,106502.0
755,2022-11,Category A,459.5,452.0,654.5,88912.0
756,2022-11,Category B,413.5,404.5,604.0,114634.5
757,2022-11,Category C,71.5,71.0,134.5,79052.0
758,2022-11,Category D,443.0,430.0,565.5,12889.0
759,2022-11,Category E,148.0,146.0,262.5,115293.0
760,2022-12,Category A,465.5,463.0,617.0,88255.0
761,2022-12,Category B,418.0,417.5,566.0,106753.5
762,2022-12,Category C,69.0,64.0,132.5,79850.5
763,2022-12,Category D,453.0,449.0,595.5,11895.0
764,2022-12,Category E,147.5,145.5,269.5,110062.0
765,2023-01,Category A,460.5,457.5,638.0,83000.0
766,2023-01,Category B,409.0,406.0,500.5,103730.5
767,2023-01,Category C,74.0,72.0,182.5,77205.0
768,2023-01,Category D,445.0,431.5,625.0,10995.5
769,2023-01,Category E,147.5,146.5,266.5,107444.5
770,2023-02,Category A,508.5,500.5,682.5,86278.0
771,2023-02,Category B,433.0,415.5,674.0,110262.5
772,2023-02,Category C,45.5,42.0,122.0,86454.5
773,2023-02,Category D,478.0,464.0,602.5,11895.5
774,2023-02,Category E,130.5,127.5,251.5,111501.5
775,2023-03,Category A,513.5,507.5,716.5,90751.5
776,2023-03,Category B,448.5,448.5,649.5,115851.0
777,2023-03,Category C,46.5,40.5,86.0,88245.0
778,2023-03,Category D,478.5,477.5,591.0,12195.5
779,2023-03,Category E,132.0,126.5,259.5,116010.0
780,2023-04,Category A,511.0,498.5,749.5,100111.0
781,2023-04,Category B,430.0,408.5,559.5,119695.0
782,2023-04,Category C,49.0,47.0,109.5,76067.5
783,2023-04,Category D,465.5,445.0,519.5,12090.0
784,2023-04,Category E,135.5,134.5,252.0,121745.5
785,2023-05,Category A,535.0,530.0,799.5,96500.5
786,2023-05,Category B,445.0,445.0,613.0,116216.5
787,2023-05,Category C,70.0,69.0,128.5,76545.0
788,2023-05,Category D,562.5,552.0,1054.0,7802.0
789,2023-05,Category E,125.0,114.5,286.0,124501.0
790,2023-06,Category A,583.5,577.0,816.0,97103.5
791,2023-06,Category B,454.0,441.5,670.5,120851.0
792,2023-06,Category C,69.5,65.5,164.5,82470.5
793,2023-06,Category D,553.0,531.0,884.0,10855.0
794,2023-06,Category E,134.5,129.0,296.0,121944.5
795,2023-07,Category A,584.5,581.5,742.0,96101.0
796,2023-07,Category B,466.5,461.5,598.0,118001.5
797,2023-07,Category C,73.0,69.0,140.0,82112.0
798,2023-07,Category D,565.0,550.0,843.0,10295.5
799,2023-07,Category E,129.5,123.5,230.0,121555.0
800,2023-08,Category A,634.0,617.0,928.5,99749.5
801,2023-08,Category B,474.0,460.0,792.0,128389.5
802,2023-08,Category C,118.0,117.5,201.0,82450.5
803,2023-08,Category D,508.5,464.5,706.5,11451.5
804,2023-08,Category E,135.5,123.5,237.0,128600.5
805,2023-09,Category A,648.0,637.5,852.0,103000.0
806,2023-09,Category B,483.0,480.0,729.0,137889.0
807,2023-09,Category C,114.5,114.5,167.5,83345.0
808,2023-09,Category D,537.5,531.5,698.5,10800.5
809,2023-09,Category E,141.5,132.0,250.5,140820.0
810,2023-10,Category A,791.0,785.0,1033.5,105000.0
811,2023-10,Category B,473.0,465.0,633.0,148001.5
812,2023-10,Category C,114.0,112.0,188.5,85345.0
813,2023-10,Category D,499.5,484.0,646.5,11028.5
814,2023-10,Category E,139.0,133.5,244.5,155002.0
815,2023-11,Category A,924.5,920.0,1228.0,90345.0
816,2023-11,Category B,642.0,634.5,1029.0,122668.5
817,2023-11,Category C,190.0,186.0,324.5,75945.0
818,2023-11,Category D,532.5,515.0,666.0,10445.0
819,2023-11,Category E,146.0,140.0,275.0,130006.5
820,2023-12,Category A,923.5,919.0,1199.5,86510.0
821,2023-12,Category B,640.5,628.5,890.0,120050.5
822,2023-12,Category C,192.5,188.5,352.5,70212.0
823,2023-12,Category D,537.5,536.0,688.5,9430.0
824,2023-12,Category E,146.0,141.5,257.5,125888.0
825,2024-01,Category A,923.5,920.5,1532.0,73299.5
826,2024-01,Category B,645.0,642.5,1079.0,98505.0
827,2024-01,Category C,192.0,189.5,367.0,67800.0
828,2024-01,Category D,521.5,502.5,640.5,9211.5
829,2024-01,Category E,144.5,138.0,265.0,107696.0
830,2024-02,Category A,937.5,923.0,1920.0,77900.5
831,2024-02,Category B,652.0,619.0,1098.5,99669.0
832,2024-02,Category C,197.5,191.5,370.0,72501.0
833,2024-02,Category D,539.0,538.0,703.0,9100.5
834,2024-02,Category E,160.5,157.5,288.0,97053.5
835,2024-03,Category A,949.5,929.0,1894.0,84244.5
836,2024-03,Category B,682.0,659.5,1069.5,96010.5
837,2024-03,Category C,201.0,200.0,308.0,72855.5
838,2024-03,Category D,520.5,517.0,637.5,9544.5
839,2024-03,Category E,158.0,153.5,269.0,95433.0
840,2024-04,Category A,955.5,943.0,1656.0,91505.0
841,2024-04,Category B,671.5,667.5,1108.0,101667.5
842,2024-04,Category C,196.0,194.5,348.5,68001.5
843,2024-04,Category D,521.0,512.0,617.5,9995.0
844,2024-04,Category E,159.5,156.0,301.0,102125.5
845,2024-05,Category A,975.5,974.0,1538.0,93152.0
846,2024-05,Category B,662.0,639.5,1168.0,105345.5
847,2024-05,Category C,206.5,189.5,366.0,71001.0
848,2024-05,Category D,527.0,525.5,617.0,9407.0
849,2024-05,Category E,177.5,172.5,306.0,104845.5
850,2024-06,Category A,964.0,956.0,1435.0,89544.5
851,2024-06,Category B,679.5,670.5,1010.0,101470.5
852,2024-06,Category C,222.0,214.0,312.5,70244.5
853,2024-06,Category D,519.5,519.0,624.0,8995.5
854,2024-06,Category E,180.0,178.5,310.0,100800.0
855,2024-07,Category A,970.0,952.0,1385.5,91450.0
856,2024-07,Category B,666.0,655.0,893.5,100450.5
857,2024-07,Category C,214.0,213.5,340.0,70301.0
858,2024-07,Category D,517.5,514.5,581.0,8994.5
859,2024-07,Category E,176.5,173.5,304.5,100615.0
860,2024-08,Category A,995.5,986.5,1442.0,94094.5
861,2024-08,Category B,674.5,674.0,1067.5,105995.0
862,2024-08,Category C,217.0,216.5,322.5,71750.0
863,2024-08,Category D,520.0,517.5,606.5,9455.5
864,2024-08,Category E,175.5,171.5,336.0,105620.0
865,2024-09,Category A,986.5,937.5,1342.5,97507.0
866,2024-09,Category B,664.0,656.5,901.5,108150.5
867,2024-09,Category C,216.5,213.5,321.0,74000.5
868,2024-09,Category D,521.0,518.0,629.0,9850.5
869,2024-09,Category E,176.5,169.5,385.5,110002.5
870,2024-10,Category A,1026.0,1017.0,1551.5,103349.5
871,2024-10,Category B,670.5,660.5,1029.5,114946.0
872,2024-10,Category C,220.0,219.0,329.0,73974.0
873,2024-10,Category D,521.0,517.0,615.0,9795.0
874,2024-10,Category E,179.5,174.0,336.5,115350.0
875,2024-11,Category A,1040.5,1036.5,1329.0,94889.0
876,2024-11,Category B,687.0,680.5,956.5,106541.0
877,2024-11,Category C,235.5,211.5,371.5,68670.0
878,2024-11,Category D,522.0,522.0,617.5,8879.0
879,2024-11,Category E,184.0,182.5,309.5,108250.5
880,2024-12,Category A,1036.0,1016.0,1490.5,95000.0
881,2024-12,Category B,682.5,678.0,926.5,106005.0
882,2024-12,Category C,258.5,252.0,409.0,70089.5
883,2024-12,Category D,518.0,510.0,605.5,8129.5
884,2024-12,Category E,180.5,168.5,328.0,106496.5
885,2025-01,Category A,1051.5,1046.0,1432.5,93650.0
886,2025-01,Category B,681.5,680.0,1168.5,119063.0
887,2025-01,Category C,241.0,239.5,368.5,66683.5
888,2025-01,Category D,528.0,521.5,623.0,8361.0
889,2025-01,Category E,190.5,190.0,370.5,119056.0
890,2025-02,Category A,1143.5,1140.5,1868.0,88925.0
891,2025-02,Category B,746.0,734.0,1071.0,110351.0
892,2025-02,Category C,259.5,248.0,412.0,63847.5
893,2025-02,Category D,524.0,520.0,681.5,8540.0
894,2025-02,Category E,198.5,196.0,368.0,110001.0
895,2025-03,Category A,1141.0,1140.5,1992.5,93616.0
896,2025-03,Category B,756.0,748.0,1202.0,114945.0
897,2025-03,Category C,269.5,264.0,441.0,68545.0
898,2025-03,Category D,522.0,522.0,625.0,9356.0
899,2025-03,Category E,200.0,198.0,392.5,114946.0
900,2025-04,Category A,1138.5,1123.0,2141.5,98612.0
901,2025-04,Category B,752.0,736.5,1149.0,117451.0
902,2025-04,Category C,263.5,263.5,390.5,66891.5
903,2025-04,Category D,518.0,516.5,631.5,9599.0
904,2025-04,Category E,200.0,195.0,398.0,117501.5
905,2025-05,Category A,1267.0,1254.5,2077.5,102755.0
906,2025-05,Category B,797.5,789.5,1151.5,118439.0
907,2025-05,Category C,271.0,268.5,384.0,62889.5
908,2025-05,Category D,535.0,532.0,665.5,8708.0
909,2025-05,Category E,206.5,195.5,385.5,118449.5
910,2025-06,Category A,1264.5,1263.5,1669.0,97561.5
911,2025-06,Category B,789.5,788.0,1068.5,114835.0
912,2025-06,Category C,273.5,263.0,389.5,63500.0
913,2025-06,Category D,536.5,533.0,618.0,8800.0
914,2025-06,Category E,212.5,202.5,381.0,115394.5
915,2025-07,Category A,1253.0,1251.5,1896.0,101102.0
916,2025-07,Category B,782.5,781.5,1173.5,119350.5
917,2025-07,Category C,281.0,273.0,418.5,67644.5
918,2025-07,Category D,536.5,533.5,625.5,9450.0
919,2025-07,Category E,211.5,208.5,407.5,119250.0
920,2025-08,Category A,1266.0,1257.0,1838.5,103266.5
921,2025-08,Category B,790.5,789.0,1246.0,123949.0
922,2025-08,Category C,281.5,276.0,447.0,71095.5
923,2025-08,Category D,536.5,530.5,643.5,8999.0
924,2025-08,Category E,259.0,259.0,501.0,123667.5
925,2025-09,Category A,1273.5,1268.5,2182.5,113446.0
926,2025-09,Category B,791.0,761.0,1229.5,132195.5
927,2025-09,Category C,279.5,278.0,407.0,72028.5
928,2025-09,Category D,539.5,539.5,625.0,9155.0
929,2025-09,Category E,256.0,253.0,514.5,134201.5
930,2025-10,Category A,1269.0,1250.5,2270.0,125052.5
931,2025-10,Category B,819.5,814.0,1089.5,136444.5
932,2025-10,Category C,275.0,274.5,425.5,75551.0
933,2025-10,Category D,533.0,528.0,614.0,9599.5
934,2025-10,Category E,260.0,255.5,443.0,138004.5
935,2025-11,Category A,1295.5,1291.0,1634.5,109501.0
936,2025-11,Category B,803.0,780.0,1233.5,122445.5
937,2025-11,Category C,282.5,278.5,420.0,76194.5
938,2025-11,Category D,538.0,536.0,613.0,8664.5
939,2025-11,Category E,279.0,270.5,466.5,123005.5
