month,vehicle_class,quota,bids_success,bids_received,premium,coe_indexed_monthly,coe_indexed_2010-01
2010-01-01,Category A,1151.5,1147.0,1507.5,19501.5,100.0,100.0
2010-01-01,Category B,702.0,698.0,994.0,20795.0,100.0,100.0
2010-01-01,Category C,177.0,173.0,272.5,19545.5,100.0,100.0
2010-01-01,Category D,375.5,371.5,530.0,870.5,100.0,100.0
2010-01-01,Category E,587.0,573.0,1166.5,20894.0,100.0,100.0
2010-02-01,Category A,1151.0,1150.5,1409.5,20164.5,100.0,103.4
2010-02-01,Category B,689.0,674.0,943.0,23534.5,100.0,113.174
2010-02-01,Category C,169.0,166.0,267.5,22445.5,100.0,114.837
2010-02-01,Category D,367.0,352.0,498.5,926.5,100.0,106.433
2010-02-01,Category E,595.5,591.5,1162.0,23315.0,100.0,111.587
2010-03-01,Category A,1147.0,1139.0,1970.5,24595.5,100.0,126.121
2010-03-01,Category B,699.5,683.0,1147.0,31239.0,100.0,150.224
2010-03-01,Category C,168.0,152.5,299.0,29945.5,100.0,153.209
2010-03-01,Category D,378.0,375.5,481.0,1179.5,100.0,135.497
2010-03-01,Category E,585.5,564.5,1345.5,34795.5,100.0,166.533
2010-04-01,Category A,705.5,650.5,1310.5,32000.5,100.0,164.093
2010-04-01,Category B,566.0,560.0,877.0,42751.0,100.0,205.583
2010-04-01,Category C,191.5,185.0,313.5,36033.5,100.0,184.357
2010-04-01,Category D,338.5,322.5,396.0,1237.0,100.0,142.102
2010-04-01,Category E,381.0,355.5,782.5,46001.5,100.0,220.166
2010-05-01,Category A,752.5,747.5,1165.0,26745.5,100.0,137.146
2010-05-01,Category B,555.5,550.0,792.0,36300.0,100.0,174.561
2010-05-01,Category C,182.5,178.5,312.5,30945.0,100.0,158.323
2010-05-01,Category D,352.0,338.5,441.5,1282.0,100.0,147.272
2010-05-01,Category E,385.5,384.0,732.5,39001.0,100.0,186.661
2010-06-01,Category A,702.5,700.5,1004.5,30780.5,100.0,157.837
2010-06-01,Category B,555.0,550.0,749.5,39956.5,100.0,192.145
2010-06-01,Category C,180.0,176.0,263.0,30939.0,100.0,158.292
2010-06-01,Category D,349.5,341.5,440.0,1453.0,100.0,166.916
2010-06-01,Category E,361.5,340.5,660.5,41003.0,100.0,196.243
2010-07-01,Category A,699.5,683.5,930.0,32831.5,100.0,168.354
2010-07-01,Category B,554.5,552.5,780.5,39399.0,100.0,189.464
2010-07-01,Category C,180.0,179.0,281.0,30995.0,100.0,158.579
2010-07-01,Category D,344.0,340.5,424.0,1305.0,100.0,149.914
2010-07-01,Category E,381.0,378.0,692.5,42287.5,100.0,202.391
2010-08-01,Category A,614.0,597.5,880.5,30552.0,100.0,156.665
2010-08-01,Category B,480.5,475.5,672.5,43072.0,100.0,207.127
2010-08-01,Category C,205.5,205.0,279.5,30057.0,100.0,153.78
2010-08-01,Category D,335.5,328.0,376.5,1276.0,100.0,146.582
2010-08-01,Category E,312.0,311.5,588.5,43201.0,100.0,206.763
2010-09-01,Category A,614.0,587.5,884.0,31545.0,100.0,161.757
2010-09-01,Category B,483.5,483.5,702.5,43315.0,100.0,208.295
2010-09-01,Category C,205.0,195.5,281.0,32000.5,100.0,163.723
2010-09-01,Category D,340.0,333.0,408.5,1477.0,100.0,169.673
2010-09-01,Category E,309.5,307.5,490.0,43645.5,100.0,208.89
2010-10-01,Category A,624.0,624.0,769.5,32773.5,100.0,168.056
2010-10-01,Category B,479.0,477.0,698.0,43700.5,100.0,210.149
2010-10-01,Category C,214.0,213.5,287.0,30700.0,100.0,157.069
2010-10-01,Category D,339.0,312.0,426.0,1595.5,100.0,183.285
2010-10-01,Category E,311.0,295.5,486.5,44495.0,100.0,212.956
2010-11-01,Category A,597.5,587.5,838.0,36500.5,100.0,187.168
2010-11-01,Category B,481.0,470.5,713.5,46695.5,100.0,224.552
2010-11-01,Category C,205.0,201.5,255.5,31104.0,100.0,159.136
2010-11-01,Category D,359.0,338.0,419.0,1477.0,100.0,169.673
2010-11-01,Category E,324.5,322.0,565.5,47945.5,100.0,229.47
2010-12-01,Category A,607.5,594.5,887.5,46866.5,100.0,240.323
2010-12-01,Category B,489.0,485.5,953.0,67251.5,100.0,323.402
2010-12-01,Category C,208.0,206.0,297.0,32751.0,100.0,167.563
2010-12-01,Category D,353.0,345.5,408.0,1626.0,100.0,186.789
2010-12-01,Category E,312.0,307.5,568.5,70501.0,100.0,337.422
2011-01-01,Category A,610.5,604.0,1141.5,39506.0,202.579,202.579
2011-01-01,Category B,482.0,478.0,745.0,63955.0,307.55,307.55
2011-01-01,Category C,206.0,200.5,283.0,32555.5,166.563,166.563
2011-01-01,Category D,339.5,336.0,428.0,1596.5,183.4,183.4
2011-01-01,Category E,314.0,308.5,454.0,71399.0,341.72,341.72
2011-02-01,Category A,517.0,497.5,967.0,40061.5,198.673,205.428
2011-02-01,Category B,427.5,427.0,683.0,57700.0,245.172,277.471
2011-02-01,Category C,281.0,278.5,362.0,28800.0,128.311,147.348
2011-02-01,Category D,329.0,311.0,439.0,1910.0,206.152,219.414
2011-02-01,Category E,334.5,330.5,603.0,60445.5,259.256,289.296
2011-03-01,Category A,529.5,501.0,901.0,43206.5,175.668,221.555
2011-03-01,Category B,424.0,423.5,623.0,59448.0,190.301,285.876
2011-03-01,Category C,278.5,277.5,365.5,29845.5,99.666,152.698
2011-03-01,Category D,343.5,336.0,459.5,2569.0,217.804,295.118
2011-03-01,Category E,333.0,327.0,516.0,60541.5,173.992,289.755
2011-04-01,Category A,538.5,531.5,888.5,43606.0,136.267,223.603
2011-04-01,Category B,424.0,416.0,584.5,55901.0,130.76,268.819
2011-04-01,Category C,276.5,272.0,331.0,26044.5,72.279,133.251
2011-04-01,Category D,333.0,330.5,489.0,2496.0,201.778,286.732
2011-04-01,Category E,335.5,334.5,469.0,56550.5,122.932,270.654
2011-05-01,Category A,517.0,516.0,852.0,45889.5,171.578,235.313
2011-05-01,Category B,431.5,431.5,607.0,56155.5,154.698,270.043
2011-05-01,Category C,280.0,278.0,373.5,22439.0,72.513,114.804
2011-05-01,Category D,328.0,326.0,483.5,2133.0,166.381,245.032
2011-05-01,Category E,330.5,321.5,484.0,56689.5,145.354,271.32
2011-06-01,Category A,511.0,509.0,797.5,51817.0,168.344,265.708
2011-06-01,Category B,423.5,406.5,721.5,65350.0,163.553,314.258
2011-06-01,Category C,277.5,273.0,424.0,30047.5,97.119,153.731
2011-06-01,Category D,327.5,324.5,437.0,2390.5,164.522,274.612
2011-06-01,Category E,338.5,314.5,499.0,63745.0,155.464,305.088
2011-07-01,Category A,512.0,499.0,807.5,55995.5,170.554,287.134
2011-07-01,Category B,440.5,440.0,677.0,70501.0,178.941,339.029
2011-07-01,Category C,280.0,278.5,384.0,33546.0,108.23,171.63
2011-07-01,Category D,328.5,327.5,432.5,2186.0,167.51,251.12
2011-07-01,Category E,353.5,335.0,484.0,71650.5,169.437,342.924
2011-08-01,Category A,561.5,561.5,980.5,49051.0,160.549,251.524
2011-08-01,Category B,353.5,351.0,498.0,68205.5,158.352,327.99
2011-08-01,Category C,243.0,238.0,375.0,33149.0,110.287,169.599
2011-08-01,Category D,388.5,386.0,470.5,1944.5,152.39,223.377
2011-08-01,Category E,348.5,347.5,502.0,68558.5,158.697,328.125
2011-09-01,Category A,548.0,539.0,872.5,49503.0,156.928,253.842
2011-09-01,Category B,356.0,354.5,482.5,63945.5,147.629,307.504
2011-09-01,Category C,246.5,242.0,326.5,30994.5,96.856,158.576
2011-09-01,Category D,390.0,387.0,512.0,2224.0,150.575,255.485
2011-09-01,Category E,331.0,330.5,457.5,64045.5,146.74,306.526
2011-10-01,Category A,557.0,551.5,833.0,53200.5,162.328,272.802
2011-10-01,Category B,354.5,353.0,578.5,69744.5,159.597,335.391
2011-10-01,Category C,246.5,238.0,351.0,34906.0,113.7,178.588
2011-10-01,Category D,390.5,387.0,486.0,2084.5,130.649,239.46
2011-10-01,Category E,330.5,318.5,485.0,69329.0,155.813,331.813
2011-11-01,Category A,553.5,544.0,761.0,55442.0,151.894,284.296
2011-11-01,Category B,354.5,346.5,534.5,77170.0,165.262,371.099
2011-11-01,Category C,250.0,246.0,350.0,40496.0,130.195,207.188
2011-11-01,Category D,391.0,374.0,449.0,1950.5,132.058,224.067
2011-11-01,Category E,342.5,331.5,501.5,76945.0,160.484,368.264
2011-12-01,Category A,557.5,500.0,829.5,51196.5,109.239,262.526
2011-12-01,Category B,361.0,359.5,469.0,71176.5,105.836,342.277
2011-12-01,Category C,245.5,245.5,347.5,39799.0,121.52,203.622
2011-12-01,Category D,404.0,400.5,453.5,1691.5,104.028,194.314
2011-12-01,Category E,341.5,310.0,505.0,72670.0,103.077,347.803
2012-01-01,Category A,605.5,603.0,902.0,47500.5,243.574,243.574
2012-01-01,Category B,354.5,353.5,524.0,66845.0,321.447,321.447
2012-01-01,Category C,241.5,237.5,381.0,41350.0,211.558,211.558
2012-01-01,Category D,390.5,388.0,475.5,1617.0,185.755,185.755
2012-01-01,Category E,362.0,358.0,534.0,66400.5,317.797,317.797
2012-02-01,Category A,621.5,589.0,1037.5,54909.0,272.305,281.563
2012-02-01,Category B,350.5,347.0,607.5,76039.5,323.098,365.662
2012-02-01,Category C,163.0,153.5,277.5,50902.5,226.783,260.431
2012-02-01,Category D,412.5,399.0,510.5,1907.0,205.828,219.07
2012-02-01,Category E,313.0,304.0,466.0,75900.5,325.544,363.265
2012-03-01,Category A,651.5,637.5,989.5,56526.0,229.823,289.855
2012-03-01,Category B,353.0,352.0,577.5,80653.5,258.182,387.85
2012-03-01,Category C,168.5,166.5,244.0,50760.0,169.508,259.702
2012-03-01,Category D,423.5,420.0,529.0,1745.0,147.944,200.46
2012-03-01,Category E,318.0,318.0,470.5,78491.0,225.578,375.663
2012-04-01,Category A,633.0,616.5,985.5,61351.0,191.719,314.596
2012-04-01,Category B,350.5,348.5,523.0,87350.0,204.323,420.053
2012-04-01,Category C,161.5,160.5,241.5,55789.0,154.825,285.431
2012-04-01,Category D,413.5,413.5,534.0,1910.0,154.406,219.414
2012-04-01,Category E,308.5,301.0,430.0,88300.0,191.95,422.609
2012-05-01,Category A,635.5,605.0,883.5,60300.5,225.46,309.21
2012-05-01,Category B,351.5,351.5,513.5,88633.0,244.168,426.223
2012-05-01,Category C,160.5,160.0,211.5,57829.5,186.878,295.871
2012-05-01,Category D,410.0,410.0,517.0,1955.5,152.535,224.641
2012-05-01,Category E,316.0,308.0,500.5,87939.5,225.48,420.884
2012-06-01,Category A,650.5,612.0,962.0,59003.5,191.691,302.559
2012-06-01,Category B,349.5,344.0,483.5,84200.0,210.729,404.905
2012-06-01,Category C,160.0,156.5,250.0,54512.0,176.192,278.898
2012-06-01,Category D,410.0,380.5,543.0,1812.0,124.708,208.156
2012-06-01,Category E,316.0,313.0,476.5,85139.0,207.641,407.481
2012-07-01,Category A,658.5,641.0,891.5,64038.5,195.052,328.377
2012-07-01,Category B,355.5,355.0,504.0,86395.0,219.282,415.46
2012-07-01,Category C,163.5,161.5,228.0,55680.5,179.643,284.876
2012-07-01,Category D,438.5,433.5,561.5,1809.5,138.659,207.869
2012-07-01,Category E,311.0,300.5,419.5,89849.5,212.473,430.025
2012-08-01,Category A,410.5,403.0,627.0,70195.0,229.756,359.947
2012-08-01,Category B,350.5,348.0,510.5,91252.0,211.859,438.817
2012-08-01,Category C,182.0,179.0,251.0,58167.5,193.524,297.6
2012-08-01,Category D,452.0,448.5,597.0,2047.0,160.423,235.152
2012-08-01,Category E,253.5,248.0,327.5,94512.0,218.773,452.34
2012-09-01,Category A,400.5,396.5,502.0,65500.0,207.64,335.872
2012-09-01,Category B,353.0,352.0,494.5,84345.5,194.726,405.605
2012-09-01,Category C,182.5,179.0,249.5,57571.5,179.908,294.551
2012-09-01,Category D,450.0,442.0,570.5,1826.5,123.663,209.822
2012-09-01,Category E,248.5,245.0,385.0,88994.5,203.903,425.933
2012-10-01,Category A,397.0,394.5,507.5,70000.5,213.589,358.949
2012-10-01,Category B,351.5,351.5,477.0,82901.0,189.703,398.658
2012-10-01,Category C,183.0,182.5,225.0,56945.0,185.489,291.346
2012-10-01,Category D,455.0,437.5,618.0,1916.0,120.088,220.103
2012-10-01,Category E,246.0,237.5,341.5,86944.5,195.403,416.122
2012-11-01,Category A,395.5,393.0,580.5,77246.0,211.63,396.103
2012-11-01,Category B,350.5,346.0,530.0,92702.0,198.524,445.79
2012-11-01,Category C,180.0,178.5,261.0,59673.0,191.85,305.303
2012-11-01,Category D,464.5,459.5,551.5,1824.0,123.494,209.535
2012-11-01,Category E,251.0,245.5,376.5,93045.0,194.064,445.319
2012-12-01,Category A,395.0,378.0,490.5,80206.0,171.137,411.281
2012-12-01,Category B,355.0,348.5,485.5,91850.5,136.578,441.695
2012-12-01,Category C,181.5,173.0,261.5,62618.0,191.194,320.37
2012-12-01,Category D,452.0,437.5,562.0,1656.5,101.876,190.293
2012-12-01,Category E,248.0,237.0,367.5,96495.0,136.87,461.831
2013-01-01,Category A,409.5,409.0,522.0,91555.0,469.477,469.477
2013-01-01,Category B,357.0,357.0,461.0,95855.5,460.955,460.955
2013-01-01,Category C,188.5,186.0,253.0,58525.5,299.432,299.432
2013-01-01,Category D,461.5,461.5,526.5,1857.0,213.326,213.326
2013-01-01,Category E,253.5,252.0,368.5,96995.0,464.224,464.224
2013-02-01,Category A,334.0,331.0,422.5,82705.0,410.152,424.096
2013-02-01,Category B,302.5,288.5,420.0,92784.0,394.247,446.184
2013-02-01,Category C,227.5,227.5,300.5,54239.0,241.648,277.501
2013-02-01,Category D,506.0,485.5,613.0,1647.0,177.766,189.202
2013-02-01,Category E,239.5,210.5,332.5,93400.0,400.6,447.018
2013-03-01,Category A,336.5,333.0,1051.5,69449.0,282.365,356.121
2013-03-01,Category B,316.5,313.0,984.0,65995.0,211.258,317.36
2013-03-01,Category C,225.0,224.0,343.0,54005.5,180.346,276.307
2013-03-01,Category D,526.5,526.5,651.5,1902.0,161.255,218.495
2013-03-01,Category E,267.0,262.5,835.5,69151.0,198.735,330.961
2013-04-01,Category A,337.0,336.0,979.5,61763.0,193.006,316.709
2013-04-01,Category B,306.0,284.0,759.0,64505.0,150.885,310.195
2013-04-01,Category C,226.0,222.5,344.0,57256.5,158.898,292.94
2013-04-01,Category D,506.0,458.5,612.5,1801.5,145.635,206.95
2013-04-01,Category E,242.5,235.5,435.5,64494.5,140.201,308.675
2013-05-01,Category A,334.5,326.5,900.0,63919.0,238.99,327.765
2013-05-01,Category B,324.5,323.0,675.0,64502.0,177.691,310.18
2013-05-01,Category C,229.0,227.5,300.0,56970.0,184.101,291.474
2013-05-01,Category D,553.5,527.0,680.5,1681.5,131.162,193.165
2013-05-01,Category E,245.0,238.5,456.5,64501.0,165.383,308.706
2013-06-01,Category A,341.5,338.5,821.5,68602.0,222.875,351.778
2013-06-01,Category B,303.5,289.0,733.0,78375.5,196.152,376.896
2013-06-01,Category C,227.0,223.5,290.5,58495.0,189.066,299.276
2013-06-01,Category D,532.5,506.5,631.5,1706.5,117.447,196.037
2013-06-01,Category E,245.0,219.5,500.0,79500.5,193.889,380.494
2013-07-01,Category A,336.0,330.0,668.5,73544.5,224.006,377.122
2013-07-01,Category B,317.0,313.0,613.0,76749.5,194.801,369.077
2013-07-01,Category C,229.0,226.0,318.0,63023.5,203.334,322.445
2013-07-01,Category D,532.0,526.0,665.5,1661.0,127.28,190.81
2013-07-01,Category E,264.0,260.5,455.0,76901.0,181.853,368.053
2013-08-01,Category A,369.5,365.5,675.0,75889.5,248.395,389.147
2013-08-01,Category B,377.5,372.0,654.5,77103.5,179.011,370.779
2013-08-01,Category C,260.5,257.0,374.5,69626.0,231.647,356.225
2013-08-01,Category D,486.5,465.0,591.5,1757.0,137.696,201.838
2013-08-01,Category E,264.0,262.5,396.0,78606.0,181.954,376.213
2013-09-01,Category A,368.0,363.0,631.5,80527.5,255.278,412.93
2013-09-01,Category B,379.0,373.0,663.0,81669.5,188.548,392.736
2013-09-01,Category C,260.5,255.5,330.5,75000.0,234.371,383.72
2013-09-01,Category D,502.0,501.0,574.0,1681.5,113.846,193.165
2013-09-01,Category E,262.0,217.0,445.0,83500.5,191.315,399.639
2013-10-01,Category A,369.0,367.0,605.5,80944.5,246.982,415.068
2013-10-01,Category B,379.0,374.5,582.0,90705.0,207.561,436.187
2013-10-01,Category C,262.0,261.5,336.5,72156.0,235.036,369.169
2013-10-01,Category D,481.5,478.0,576.5,1882.5,117.988,216.255
2013-10-01,Category E,305.5,297.0,410.0,93089.0,209.212,445.53
2013-11-01,Category A,366.0,364.5,620.0,73800.0,202.189,378.432
2013-11-01,Category B,377.5,375.5,509.0,81939.0,175.475,394.032
2013-11-01,Category C,257.5,254.0,412.0,55252.5,177.638,282.687
2013-11-01,Category D,484.0,462.0,556.0,1711.0,115.843,196.554
2013-11-01,Category E,269.5,264.5,394.5,86000.5,179.371,411.604
2013-12-01,Category A,365.5,363.5,582.5,73581.0,157.001,377.309
2013-12-01,Category B,375.0,358.5,524.5,74355.0,110.563,357.562
2013-12-01,Category C,260.5,256.5,348.5,49556.5,151.313,253.544
2013-12-01,Category D,502.5,487.0,663.5,1797.0,110.517,206.433
2013-12-01,Category E,266.0,266.0,370.0,77201.0,109.503,369.489
2014-01-01,Category A,366.0,362.5,673.5,72329.5,370.892,370.892
2014-01-01,Category B,389.5,382.5,546.5,78850.0,379.178,379.178
2014-01-01,Category C,261.0,250.5,346.5,49445.0,252.974,252.974
2014-01-01,Category D,496.0,495.0,669.0,2346.5,269.558,269.558
2014-01-01,Category E,261.0,251.5,382.5,78905.0,377.644,377.644
2014-02-01,Category A,362.0,357.0,709.5,74382.5,368.878,381.419
2014-02-01,Category B,357.5,356.5,521.0,76952.0,326.975,370.05
2014-02-01,Category C,272.0,268.5,378.0,51946.0,231.432,265.77
2014-02-01,Category D,360.5,356.0,514.0,3276.0,353.589,376.335
2014-02-01,Category E,200.5,198.0,336.0,78001.5,334.555,373.32
2014-03-01,Category A,363.5,358.0,596.0,77800.5,316.32,398.946
2014-03-01,Category B,351.5,344.5,511.5,81805.0,261.868,393.388
2014-03-01,Category C,265.5,259.0,397.5,55096.5,183.989,281.888
2014-03-01,Category D,364.0,347.5,466.0,4145.0,351.42,476.163
2014-03-01,Category E,193.0,188.5,292.5,83000.5,238.538,397.246
2014-04-01,Category A,364.0,358.5,525.0,74367.5,232.395,381.342
2014-04-01,Category B,357.0,356.0,504.5,79757.0,186.562,383.539
2014-04-01,Category C,268.5,263.5,347.5,41196.5,114.328,210.772
2014-04-01,Category D,376.5,369.0,506.0,4495.5,363.42,516.427
2014-04-01,Category E,195.5,194.5,296.5,78955.0,171.636,377.884
2014-05-01,Category A,511.0,509.0,836.5,62845.5,234.976,322.26
2014-05-01,Category B,483.5,474.5,747.0,69052.5,190.227,332.063
2014-05-01,Category C,390.5,387.5,712.0,38595.0,124.721,197.462
2014-05-01,Category D,350.5,328.0,468.5,4002.0,312.168,459.736
2014-05-01,Category E,294.5,290.0,511.0,66395.5,170.241,317.773
2014-06-01,Category A,508.0,502.5,1040.0,62544.5,203.195,320.716
2014-06-01,Category B,492.0,479.5,761.5,66502.0,166.436,319.798
2014-06-01,Category C,388.0,381.5,607.0,42501.0,137.37,217.446
2014-06-01,Category D,365.5,363.5,476.0,3989.5,274.57,458.3
2014-06-01,Category E,297.5,284.0,449.5,66317.5,161.738,317.4
2014-07-01,Category A,511.0,508.0,1132.5,62440.0,190.183,320.18
2014-07-01,Category B,495.5,494.0,831.0,64945.0,164.839,312.311
2014-07-01,Category C,391.5,387.0,716.0,47700.0,153.896,244.046
2014-07-01,Category D,345.5,342.0,412.5,4126.5,316.207,474.038
2014-07-01,Category E,306.5,302.5,462.0,64001.5,151.349,306.315
2014-08-01,Category A,574.5,574.0,1040.0,65155.0,213.259,334.103
2014-08-01,Category B,506.5,501.5,1113.5,70839.5,164.468,340.656
2014-08-01,Category C,262.0,260.5,473.0,53199.5,176.995,272.183
2014-08-01,Category D,319.0,316.0,360.5,4353.5,341.183,500.115
2014-08-01,Category E,243.0,233.5,393.5,70905.5,164.129,339.358
2014-09-01,Category A,572.5,570.5,802.5,63420.5,201.048,325.208
2014-09-01,Category B,510.0,509.0,847.0,72500.0,167.379,348.642
2014-09-01,Category C,259.5,254.0,433.0,49895.0,155.919,255.276
2014-09-01,Category D,318.0,317.0,388.0,4478.5,303.216,514.474
2014-09-01,Category E,248.5,243.5,390.0,74602.0,170.927,357.05
2014-10-01,Category A,573.5,569.5,1094.5,63935.0,195.081,327.847
2014-10-01,Category B,506.0,503.5,837.0,72091.0,164.966,346.675
2014-10-01,Category C,263.0,261.5,466.0,59194.5,192.816,302.855
2014-10-01,Category D,316.5,313.0,466.5,4606.0,288.687,529.121
2014-10-01,Category E,243.5,239.0,362.5,72102.0,162.045,345.085
2014-11-01,Category A,702.0,693.0,1170.0,66394.5,181.9,340.458
2014-11-01,Category B,572.0,559.5,866.0,71890.0,153.955,345.708
2014-11-01,Category C,142.5,138.5,258.5,64351.0,206.89,329.237
2014-11-01,Category D,320.0,318.5,384.5,4239.5,287.035,487.019
2014-11-01,Category E,267.5,267.0,392.5,72600.0,151.422,347.468
2014-12-01,Category A,707.0,701.0,932.0,66489.0,141.869,340.943
2014-12-01,Category B,581.5,577.0,814.0,74194.5,110.324,356.79
2014-12-01,Category C,145.0,137.5,232.0,56050.5,171.141,286.769
2014-12-01,Category D,318.5,292.0,379.5,4261.0,262.054,489.489
2014-12-01,Category E,264.5,260.5,408.0,75447.0,107.016,361.094
2015-01-01,Category A,704.5,700.5,1004.0,65505.5,335.9,335.9
2015-01-01,Category B,573.5,573.0,874.0,76089.0,365.9,365.9
2015-01-01,Category C,148.0,147.0,271.5,55011.5,281.454,281.454
2015-01-01,Category D,343.5,339.5,441.5,4646.0,533.716,533.716
2015-01-01,Category E,268.0,255.5,408.5,75995.0,363.717,363.717
2015-02-01,Category A,990.0,989.5,1294.5,59600.5,295.571,305.62
2015-02-01,Category B,723.0,722.0,998.0,68820.5,292.424,330.947
2015-02-01,Category C,185.0,184.0,322.0,52651.5,234.575,269.379
2015-02-01,Category D,289.0,286.5,390.0,5652.0,610.038,649.282
2015-02-01,Category E,187.0,187.0,330.5,69911.0,299.854,334.598
2015-03-01,Category A,987.0,986.5,2185.5,63055.0,256.368,323.334
2015-03-01,Category B,723.0,720.0,1296.5,70278.5,224.97,337.959
2015-03-01,Category C,185.0,179.0,330.0,58250.0,194.52,298.023
2015-03-01,Category D,287.5,287.0,364.0,5555.5,471.005,638.196
2015-03-01,Category E,174.5,167.0,306.0,71300.0,204.912,341.246
2015-04-01,Category A,987.5,974.5,2197.5,67675.0,211.481,347.025
2015-04-01,Category B,725.0,712.0,1593.0,77306.5,180.83,371.755
2015-04-01,Category C,191.0,187.5,287.0,58501.0,162.352,299.307
2015-04-01,Category D,285.5,277.5,409.0,6556.5,530.032,753.188
2015-04-01,Category E,181.5,164.0,321.0,78750.0,171.19,376.902
2015-05-01,Category A,1439.0,1434.5,2621.0,67589.5,252.714,346.586
2015-05-01,Category B,941.0,941.0,1516.0,76301.0,210.196,366.92
2015-05-01,Category C,371.5,367.5,545.5,51049.5,164.968,261.183
2015-05-01,Category D,334.0,309.5,447.5,6506.5,507.527,747.444
2015-05-01,Category E,287.5,285.5,404.5,78002.5,200.001,373.325
2015-06-01,Category A,1430.5,1407.0,1854.5,63500.0,206.299,325.616
2015-06-01,Category B,928.5,924.5,1264.0,73254.5,183.336,352.27
2015-06-01,Category C,372.0,369.5,494.5,50701.0,163.874,259.4
2015-06-01,Category D,351.0,347.5,439.0,6455.0,444.253,741.528
2015-06-01,Category E,272.0,268.0,382.5,75151.0,183.282,359.677
2015-07-01,Category A,1450.5,1414.5,1928.5,57294.5,174.511,293.795
2015-07-01,Category B,932.0,931.0,1221.5,61805.0,156.869,297.211
2015-07-01,Category C,370.5,370.5,465.5,50001.5,161.321,255.821
2015-07-01,Category D,330.5,324.0,455.5,6410.0,491.188,736.358
2015-07-01,Category E,273.0,271.0,426.0,64551.0,152.648,308.945
2015-08-01,Category A,1722.0,1721.5,2521.5,56853.5,186.088,291.534
2015-08-01,Category B,1057.5,1055.0,1592.5,61464.5,142.702,295.573
2015-08-01,Category C,182.5,182.5,272.5,47901.5,159.369,245.077
2015-08-01,Category D,361.0,337.5,472.5,6156.5,482.484,707.237
2015-08-01,Category E,363.0,358.5,608.0,59443.0,137.596,284.498
2015-09-01,Category A,1687.5,1686.0,2414.5,56244.0,178.298,288.409
2015-09-01,Category B,1058.5,1049.5,1499.5,61051.0,140.947,293.585
2015-09-01,Category C,182.0,177.0,363.5,46045.0,143.888,235.579
2015-09-01,Category D,378.5,356.0,491.0,6335.0,428.91,727.743
2015-09-01,Category E,365.5,363.0,561.0,61155.0,140.118,292.692
2015-10-01,Category A,1688.5,1681.5,2219.5,56651.0,172.856,290.496
2015-10-01,Category B,1065.0,1056.5,1370.0,59039.5,135.1,283.912
2015-10-01,Category C,187.0,183.5,335.5,43596.5,142.008,223.051
2015-10-01,Category D,377.5,375.5,434.0,6251.5,391.821,718.15
2015-10-01,Category E,363.5,358.0,583.0,59400.5,133.499,284.295
2015-11-01,Category A,1663.0,1636.5,2074.5,57600.5,157.807,295.364
2015-11-01,Category B,1033.0,1028.5,1327.5,59302.0,126.997,285.174
2015-11-01,Category C,244.0,242.0,380.5,44849.5,144.192,229.462
2015-11-01,Category D,329.0,312.5,419.0,6207.0,420.244,713.038
2015-11-01,Category E,366.0,364.0,512.0,61354.0,127.966,293.644
2015-12-01,Category A,1683.5,1681.5,2055.0,55645.0,118.731,285.337
2015-12-01,Category B,1029.0,1026.5,1262.0,57501.0,85.501,276.514
2015-12-01,Category C,242.5,239.5,328.0,47051.0,143.663,240.725
2015-12-01,Category D,343.5,343.0,404.0,6550.5,402.86,752.499
2015-12-01,Category E,362.0,361.0,503.5,58752.0,83.335,281.191
2016-01-01,Category A,1659.0,1643.5,2725.0,48151.5,246.912,246.912
2016-01-01,Category B,1026.5,1022.5,1298.0,52504.5,252.486,252.486
2016-01-01,Category C,244.0,242.0,370.0,44269.0,226.492,226.492
2016-01-01,Category D,327.5,319.5,412.0,6700.5,769.73,769.73
2016-01-01,Category E,361.0,355.5,605.5,53044.5,253.874,253.874
2016-02-01,Category A,2043.5,2029.0,2968.5,44825.5,222.299,229.857
2016-02-01,Category B,1212.0,1206.5,2261.0,42790.0,181.818,205.771
2016-02-01,Category C,164.5,162.0,234.0,45018.5,200.568,230.327
2016-02-01,Category D,365.0,364.5,474.5,6428.0,693.794,738.426
2016-02-01,Category E,451.0,446.5,848.5,44505.0,190.886,213.004
2016-03-01,Category A,2043.0,1988.5,3677.0,45252.0,183.985,232.044
2016-03-01,Category B,1214.5,1209.0,2598.5,47053.0,150.623,226.271
2016-03-01,Category C,164.5,163.0,242.5,47696.0,159.276,244.025
2016-03-01,Category D,357.0,356.0,429.5,6546.0,554.981,751.982
2016-03-01,Category E,450.5,378.5,931.5,47334.5,136.036,226.546
2016-04-01,Category A,2083.5,2082.0,3523.0,46654.5,145.793,239.235
2016-04-01,Category B,1214.5,1177.0,2305.5,48301.0,112.982,232.272
2016-04-01,Category C,163.5,161.5,238.0,43607.5,121.019,223.108
2016-04-01,Category D,357.0,348.5,446.0,6502.0,525.627,746.927
2016-04-01,Category E,518.0,389.5,1115.5,48505.5,105.443,232.15
2016-05-01,Category A,2217.5,2199.5,3336.5,47454.5,177.43,243.338
2016-05-01,Category B,1499.5,1495.0,2378.5,50083.0,137.97,240.842
2016-05-01,Category C,230.5,230.5,339.5,42652.0,137.832,218.219
2016-05-01,Category D,406.5,389.0,509.5,6302.5,491.615,724.009
2016-05-01,Category E,642.0,619.0,1097.5,49350.0,126.535,236.192
2016-06-01,Category A,2235.0,2205.0,4251.0,54447.0,176.888,279.194
2016-06-01,Category B,1466.5,1462.5,3175.0,56505.0,141.416,271.724
2016-06-01,Category C,228.0,222.5,344.5,47218.0,152.616,241.58
2016-06-01,Category D,414.5,392.0,512.0,6302.5,433.758,724.009
2016-06-01,Category E,537.0,532.0,934.5,56245.0,137.173,269.192
2016-07-01,Category A,2247.0,2229.0,3194.5,52650.5,160.366,269.982
2016-07-01,Category B,1466.0,1466.0,2493.0,56798.5,144.162,273.135
2016-07-01,Category C,233.5,230.0,327.0,48889.5,157.734,250.132
2016-07-01,Category D,419.5,394.5,555.5,6157.0,471.801,707.295
2016-07-01,Category E,519.0,508.5,785.5,56751.5,134.204,271.616
2016-08-01,Category A,2026.0,1996.5,2757.5,52918.5,173.208,271.356
2016-08-01,Category B,1336.0,1317.0,2122.0,57201.5,132.804,275.073
2016-08-01,Category C,178.5,177.5,240.5,48151.5,160.201,246.356
2016-08-01,Category D,384.0,360.5,549.5,6279.0,492.085,721.31
2016-08-01,Category E,439.5,425.0,614.0,57578.5,133.28,275.574
2016-09-01,Category A,2037.5,2002.0,2674.5,50753.0,160.891,260.252
2016-09-01,Category B,1355.0,1346.0,2100.0,56251.5,129.866,270.505
2016-09-01,Category C,176.0,170.0,248.5,49845.5,155.765,255.023
2016-09-01,Category D,382.5,368.0,499.5,6476.5,438.49,743.998
2016-09-01,Category E,443.5,439.5,657.5,56045.0,128.41,268.235
2016-10-01,Category A,2043.5,2000.0,2761.0,51249.0,156.373,262.795
2016-10-01,Category B,1345.0,1287.5,1776.5,54705.5,125.183,263.07
2016-10-01,Category C,182.0,179.5,242.0,47145.5,153.568,241.209
2016-10-01,Category D,373.5,357.5,464.0,6353.5,398.214,729.868
2016-10-01,Category E,432.5,431.5,660.0,55270.0,124.216,264.526
2016-11-01,Category A,1887.5,1887.5,2668.0,51809.5,141.942,265.669
2016-11-01,Category B,1300.5,1299.0,1860.0,54603.5,116.935,262.58
2016-11-01,Category C,183.5,181.0,284.5,48501.5,155.933,248.147
2016-11-01,Category D,387.0,363.5,488.5,6261.5,423.934,719.299
2016-11-01,Category E,401.0,392.5,586.0,55450.5,115.653,265.39
2016-12-01,Category A,1844.0,1827.5,2444.5,48875.5,104.287,250.624
2016-12-01,Category B,1244.5,1239.5,1773.0,48669.0,72.369,234.042
2016-12-01,Category C,183.5,179.5,268.0,50354.5,153.75,257.627
2016-12-01,Category D,394.5,388.0,460.0,6107.0,375.584,701.551
2016-12-01,Category E,408.5,407.5,655.5,50199.5,71.204,240.258
2017-01-01,Category A,1861.5,1818.0,2348.5,50495.0,258.929,258.929
2017-01-01,Category B,1249.0,1234.5,1901.0,52956.5,254.66,254.66
2017-01-01,Category C,184.5,176.5,262.5,46651.5,238.682,238.682
2017-01-01,Category D,376.5,352.5,425.0,6052.5,695.29,695.29
2017-01-01,Category E,400.5,387.5,655.0,52800.5,252.707,252.707
2017-02-01,Category A,2096.5,2070.0,2808.5,48915.5,242.582,250.829
2017-02-01,Category B,1371.5,1364.5,1954.5,49415.0,209.968,237.629
2017-02-01,Category C,169.0,163.0,258.5,49355.5,219.89,252.516
2017-02-01,Category D,370.0,355.0,643.5,6606.5,713.06,758.932
2017-02-01,Category E,494.0,485.5,802.5,49778.0,213.502,238.241
2017-03-01,Category A,2078.5,2070.5,3075.5,51277.0,208.481,262.939
2017-03-01,Category B,1364.0,1356.5,2189.5,53650.0,171.74,257.995
2017-03-01,Category C,167.0,166.5,233.5,48019.0,160.355,245.678
2017-03-01,Category D,361.5,356.5,499.5,7782.0,659.771,893.969
2017-03-01,Category E,490.5,488.5,773.0,53751.0,154.477,257.256
2017-04-01,Category A,2060.0,2045.5,2464.0,51800.0,161.872,265.621
2017-04-01,Category B,1364.5,1362.5,1985.0,54405.5,127.261,261.628
2017-04-01,Category C,162.5,162.0,430.0,36203.5,100.472,185.227
2017-04-01,Category D,351.0,339.5,497.0,7150.5,578.052,821.424
2017-04-01,Category E,484.0,481.0,730.0,54586.0,118.661,261.252
2017-05-01,Category A,1912.5,1909.0,2420.5,48797.5,182.451,250.224
2017-05-01,Category B,1322.5,1320.5,1860.5,54207.5,149.332,260.676
2017-05-01,Category C,1084.5,1081.0,2539.0,28314.5,91.499,144.865
2017-05-01,Category D,465.5,451.5,584.5,6201.0,483.697,712.349
2017-05-01,Category E,530.5,517.0,743.0,53500.0,137.176,256.054
2017-06-01,Category A,1902.0,1895.5,2273.5,44001.0,142.951,225.629
2017-06-01,Category B,1323.0,1322.0,1616.5,48805.5,122.147,234.698
2017-06-01,Category C,1088.5,1086.0,2217.0,37690.0,121.82,192.832
2017-06-01,Category D,467.5,407.5,837.0,6051.0,416.449,695.118
2017-06-01,Category E,540.5,523.5,901.5,49263.5,120.146,235.778
2017-07-01,Category A,1905.5,1903.5,2342.5,43401.5,132.195,222.555
2017-07-01,Category B,1322.0,1317.5,1847.0,49901.5,126.657,239.969
2017-07-01,Category C,1086.5,1081.0,2066.0,41510.5,133.926,212.379
2017-07-01,Category D,513.0,400.5,931.5,5926.0,454.1,680.758
2017-07-01,Category E,545.0,518.5,906.5,50000.0,118.238,239.303
2017-08-01,Category A,1817.0,1814.5,2275.5,44839.0,146.763,229.926
2017-08-01,Category B,1289.5,1285.5,1830.5,52355.5,121.553,251.77
2017-08-01,Category C,449.5,440.5,789.0,42402.5,141.074,216.943
2017-08-01,Category D,589.5,548.0,974.0,4606.5,361.011,529.179
2017-08-01,Category E,566.5,553.5,801.5,51375.5,118.922,245.886
2017-09-01,Category A,1817.5,1810.5,2832.0,39451.5,125.064,202.3
2017-09-01,Category B,1289.0,1289.0,1781.5,49094.5,113.343,236.088
2017-09-01,Category C,453.0,429.5,700.5,44946.0,140.454,229.956
2017-09-01,Category D,518.5,514.0,799.0,5451.5,369.093,626.249
2017-09-01,Category E,554.0,553.0,855.0,48508.5,111.142,232.165
2017-10-01,Category A,1822.0,1818.0,2599.5,41689.0,127.203,213.773
2017-10-01,Category B,1285.0,1280.5,1682.0,49052.5,112.247,235.886
2017-10-01,Category C,468.5,467.5,667.0,50396.0,164.156,257.839
2017-10-01,Category D,481.5,466.5,704.0,4956.5,310.655,569.385
2017-10-01,Category E,541.0,533.5,839.0,50500.0,113.496,241.696
2017-11-01,Category A,1684.5,1681.0,3075.5,46951.5,128.632,240.758
2017-11-01,Category B,1379.5,1379.0,2344.0,57402.0,122.928,276.038
2017-11-01,Category C,243.0,220.5,365.5,57868.5,186.048,296.071
2017-11-01,Category D,523.5,517.5,695.5,5747.0,389.1,660.195
2017-11-01,Category E,520.0,496.5,855.5,57250.5,119.407,274.004
2017-12-01,Category A,1683.5,1660.5,2064.0,40269.5,85.924,206.494
2017-12-01,Category B,1374.5,1371.0,1719.5,50356.5,74.878,242.157
2017-12-01,Category C,265.5,255.5,468.0,43556.0,132.991,222.844
2017-12-01,Category D,515.0,479.0,767.0,7026.5,432.134,807.18
2017-12-01,Category E,536.5,533.0,917.0,51172.5,72.584,244.915
2018-01-01,Category A,1703.0,1700.5,2101.0,39145.0,200.728,200.728
2018-01-01,Category B,1377.5,1374.0,1732.5,43975.0,211.469,211.469
2018-01-01,Category C,253.0,247.0,428.5,39550.5,202.351,202.351
2018-01-01,Category D,545.0,456.5,852.5,7851.0,901.895,901.895
2018-01-01,Category E,516.5,506.5,870.0,45695.0,218.699,218.699
2018-02-01,Category A,1559.5,1547.5,2231.0,38405.0,190.458,196.934
2018-02-01,Category B,1393.5,1387.5,1787.5,40661.0,172.772,195.533
2018-02-01,Category C,253.0,252.5,487.5,37581.0,167.432,192.274
2018-02-01,Category D,600.5,588.0,1003.0,8059.0,869.833,925.79
2018-02-01,Category E,576.0,571.5,1003.0,39352.0,168.784,188.341
2018-03-01,Category A,1569.5,1561.5,2261.0,38415.0,156.187,196.985
2018-03-01,Category B,1396.0,1382.0,1685.0,38005.5,121.66,182.763
2018-03-01,Category C,247.0,218.0,412.0,35502.0,118.555,181.638
2018-03-01,Category D,525.0,521.0,844.0,7805.5,661.763,896.669
2018-03-01,Category E,571.0,544.5,972.0,38500.0,110.646,184.263
2018-04-01,Category A,1566.0,1565.0,1957.5,37755.0,117.983,193.6
2018-04-01,Category B,1403.0,1401.0,1804.0,37467.5,87.641,180.176
2018-04-01,Category C,276.0,235.5,480.5,34101.5,94.638,174.472
2018-04-01,Category D,517.0,499.0,840.0,7114.5,575.141,817.289
2018-04-01,Category E,592.5,587.5,997.0,38214.0,83.071,182.895
2018-05-01,Category A,1434.5,1425.0,1820.5,38471.0,143.841,197.272
2018-05-01,Category B,1281.5,1257.0,2035.0,38245.0,105.358,183.914
2018-05-01,Category C,346.5,285.0,698.5,31545.5,101.941,161.395
2018-05-01,Category D,544.5,522.0,1034.5,7159.5,558.463,822.458
2018-05-01,Category E,561.5,547.5,922.0,38650.0,99.1,184.981
2018-06-01,Category A,1443.5,1438.5,1757.0,35268.0,114.579,180.848
2018-06-01,Category B,1304.5,1298.0,1728.0,34950.0,87.47,168.069
2018-06-01,Category C,366.5,355.0,616.5,30951.5,100.04,158.356
2018-06-01,Category D,549.5,502.0,799.5,6945.0,477.977,797.817
2018-06-01,Category E,570.0,552.5,897.5,35700.0,87.067,170.862
2018-07-01,Category A,1439.0,1419.5,2363.0,28849.5,87.871,147.935
2018-07-01,Category B,1286.5,1283.0,1778.0,31775.5,80.651,152.804
2018-07-01,Category C,316.5,260.5,536.5,30990.5,99.985,158.556
2018-07-01,Category D,574.5,560.0,789.5,6351.5,486.705,729.638
2018-07-01,Category E,574.5,570.0,1028.5,31905.0,75.448,152.699
2018-08-01,Category A,1683.5,1683.5,3290.5,32897.5,107.677,168.692
2018-08-01,Category B,1268.5,1257.5,2081.5,33405.0,77.556,160.64
2018-08-01,Category C,394.0,267.0,592.0,30145.5,100.294,154.232
2018-08-01,Category D,834.5,807.0,1192.0,5201.5,407.641,597.53
2018-08-01,Category E,531.5,524.5,911.5,32865.5,76.076,157.296
2018-09-01,Category A,1664.0,1658.0,2273.5,29104.5,92.263,149.242
2018-09-01,Category B,1276.0,1268.5,1909.0,31654.0,73.079,152.219
2018-09-01,Category C,464.0,455.0,766.5,27052.5,84.538,138.408
2018-09-01,Category D,847.5,844.0,1155.5,4302.0,291.266,494.199
2018-09-01,Category E,535.0,512.5,967.0,31900.5,73.09,152.678
2018-10-01,Category A,1671.0,1668.5,1935.0,27006.5,82.403,138.484
2018-10-01,Category B,1272.0,1254.0,1871.0,31301.5,71.627,150.524
2018-10-01,Category C,346.0,344.5,496.0,29001.0,94.466,148.377
2018-10-01,Category D,823.0,814.0,1170.5,4030.0,252.585,462.952
2018-10-01,Category E,550.0,535.0,922.5,32726.0,73.55,156.629
2018-11-01,Category A,1818.5,1750.5,2540.0,26599.5,72.874,136.397
2018-11-01,Category B,1253.0,1248.0,1964.0,31701.5,67.89,152.448
2018-11-01,Category C,331.5,329.5,520.0,28505.0,91.644,145.839
2018-11-01,Category D,1112.0,1098.5,1483.0,2749.0,186.121,315.796
2018-11-01,Category E,554.5,545.0,896.0,31479.5,65.657,150.663
2018-12-01,Category A,1884.0,1882.5,2453.0,24534.5,52.35,125.808
2018-12-01,Category B,1241.0,1232.5,1792.0,31001.0,46.097,149.079
2018-12-01,Category C,331.0,323.0,496.0,27005.0,82.455,138.165
2018-12-01,Category D,1117.5,1113.5,1429.0,3594.0,221.033,412.866
2018-12-01,Category E,548.5,545.5,899.5,31330.0,44.439,149.947
2019-01-01,Category A,1816.5,1811.0,2785.5,26045.0,133.554,133.554
2019-01-01,Category B,1244.5,1236.0,1968.5,33094.5,159.146,159.146
2019-01-01,Category C,337.0,325.0,504.5,26616.0,136.175,136.175
2019-01-01,Category D,1108.0,1103.5,1434.5,3249.5,373.291,373.291
2019-01-01,Category E,543.0,535.0,786.5,33299.0,159.371,159.371
2019-02-01,Category A,1656.0,1651.5,2316.0,25995.0,128.915,133.297
2019-02-01,Category B,1208.0,1191.0,1965.0,34956.0,148.531,168.098
2019-02-01,Category C,316.0,315.0,449.5,26646.0,118.714,136.328
2019-02-01,Category D,830.0,825.5,1132.0,3699.0,399.244,424.928
2019-02-01,Category E,405.0,399.5,601.5,35988.5,154.358,172.243
2019-03-01,Category A,1654.5,1650.0,2208.5,26484.0,107.678,135.805
2019-03-01,Category B,1217.0,1212.5,1890.5,38181.0,122.222,183.607
2019-03-01,Category C,305.0,302.5,427.0,27015.5,90.216,138.219
2019-03-01,Category D,829.5,823.5,1107.0,3535.5,299.746,406.146
2019-03-01,Category E,402.5,400.5,709.5,39310.0,112.974,188.14
2019-04-01,Category A,1654.5,1626.5,2293.5,31179.0,97.433,159.88
2019-04-01,Category B,1203.5,1191.5,1708.0,45551.0,106.55,219.048
2019-04-01,Category C,306.5,294.0,495.5,29795.0,82.687,152.439
2019-04-01,Category D,832.0,818.5,1161.0,3476.5,281.043,399.368
2019-04-01,Category E,399.0,391.0,657.5,50309.5,109.365,240.784
2019-05-01,Category A,1453.0,1453.0,1893.5,31852.0,119.093,163.331
2019-05-01,Category B,1151.0,1150.0,1383.5,45287.0,124.758,217.778
2019-05-01,Category C,401.5,400.0,605.0,27979.5,90.417,143.151
2019-05-01,Category D,910.5,891.0,1173.5,3277.0,255.616,376.45
2019-05-01,Category E,383.0,377.0,569.5,49751.0,127.563,238.111
2019-06-01,Category A,1424.0,1321.0,1822.0,28504.0,92.604,146.163
2019-06-01,Category B,1140.0,1137.0,1382.0,37817.0,94.645,181.856
2019-06-01,Category C,391.0,389.5,571.0,25501.5,82.425,130.472
2019-06-01,Category D,917.0,913.0,1168.0,3045.0,209.566,349.799
2019-06-01,Category E,380.5,377.5,630.0,40701.0,99.263,194.798
2019-07-01,Category A,1527.0,1522.5,1848.5,27628.0,84.151,141.671
2019-07-01,Category B,1142.0,1137.5,1533.5,36703.0,93.157,176.499
2019-07-01,Category C,391.5,387.5,653.0,24844.0,80.155,127.109
2019-07-01,Category D,901.0,893.5,1167.0,3317.5,254.215,381.103
2019-07-01,Category E,377.0,372.0,637.0,38395.0,90.795,183.761
2019-08-01,Category A,1060.5,1060.5,1874.0,32321.0,105.79,165.736
2019-08-01,Category B,1046.0,1043.0,1451.0,39301.5,91.246,188.995
2019-08-01,Category C,287.5,278.0,469.0,27150.5,90.33,138.909
2019-08-01,Category D,746.5,662.5,1025.0,4350.5,340.948,499.77
2019-08-01,Category E,360.0,353.0,591.0,40257.0,93.185,192.673
2019-09-01,Category A,1056.0,1054.5,1554.5,31771.0,100.716,162.916
2019-09-01,Category B,1045.0,1041.0,1353.5,36500.5,84.268,175.525
2019-09-01,Category C,292.5,290.5,495.0,25529.0,79.777,130.613
2019-09-01,Category D,823.0,802.5,1141.5,3845.0,260.325,441.7
2019-09-01,Category E,362.0,350.0,592.0,38956.0,89.255,186.446
2019-10-01,Category A,1058.5,1044.5,1563.0,33155.0,101.164,170.013
2019-10-01,Category B,1046.0,1039.5,1531.0,41583.0,95.155,199.966
2019-10-01,Category C,285.0,282.5,480.5,26255.0,85.521,134.328
2019-10-01,Category D,759.0,754.5,1012.5,3844.5,240.959,441.643
2019-10-01,Category E,366.5,357.0,553.5,41510.5,93.293,198.672
2019-11-01,Category A,1033.0,1021.5,1385.0,31000.0,84.93,158.962
2019-11-01,Category B,1018.0,1016.0,1313.5,39854.5,85.35,191.654
2019-11-01,Category C,320.0,320.0,467.5,24947.0,80.205,127.636
2019-11-01,Category D,695.5,691.5,902.5,4010.5,271.53,460.712
2019-11-01,Category E,386.5,379.5,563.5,40495.0,84.46,193.812
2019-12-01,Category A,1029.5,1013.0,1321.0,32949.0,70.304,168.956
2019-12-01,Category B,1014.0,1009.0,1258.0,36950.0,54.943,177.687
2019-12-01,Category C,318.0,311.0,421.5,23452.0,71.607,119.987
2019-12-01,Category D,695.0,687.0,879.0,3723.5,228.998,427.743
2019-12-01,Category E,384.0,375.0,507.0,38439.0,54.523,183.971
2020-01-01,Category A,1034.5,1025.5,1420.0,35165.0,180.319,180.319
2020-01-01,Category B,1017.0,1014.5,1193.0,37407.0,179.885,179.885
2020-01-01,Category C,325.0,306.5,480.5,24701.5,126.379,126.379
2020-01-01,Category D,700.0,699.5,1010.0,4299.5,493.912,493.912
2020-01-01,Category E,386.0,382.5,534.5,37750.0,180.674,180.674
2020-02-01,Category A,982.0,975.0,1384.0,31504.5,156.237,161.549
2020-02-01,Category B,985.5,979.0,1316.0,31889.5,135.501,153.352
2020-02-01,Category C,333.0,266.5,532.5,25007.0,111.412,127.942
2020-02-01,Category D,577.5,568.0,775.0,4355.0,470.049,500.287
2020-02-01,Category E,331.5,327.0,537.5,34100.5,146.26,163.207
2020-03-01,Category A,980.0,967.5,1428.5,31954.5,129.92,163.857
2020-03-01,Category B,989.5,965.0,1356.5,31406.5,100.536,151.029
2020-03-01,Category C,381.5,381.5,606.0,23102.0,77.147,118.196
2020-03-01,Category D,587.0,581.5,771.0,4399.5,372.997,505.399
2020-03-01,Category E,332.0,327.5,507.5,32500.0,93.403,155.547
2020-07-01,Category A,1296.5,1288.0,2773.0,33109.5,100.847,169.779
2020-07-01,Category B,1315.0,1288.0,2828.5,35445.0,89.964,170.45
2020-07-01,Category C,489.0,481.5,812.5,24195.0,78.061,123.788
2020-07-01,Category D,869.0,860.0,1483.0,7106.0,544.521,816.312
2020-07-01,Category E,446.0,437.0,825.5,34995.0,82.755,167.488
2020-08-01,Category A,1028.0,1013.0,2073.0,34355.0,112.448,176.166
2020-08-01,Category B,927.5,920.0,1856.0,37952.0,88.113,182.505
2020-08-01,Category C,357.5,355.0,622.0,24553.0,81.688,125.62
2020-08-01,Category D,499.0,494.0,758.5,7566.5,592.986,869.213
2020-08-01,Category E,473.0,466.5,774.0,37306.0,86.354,178.549
2020-09-01,Category A,1034.5,1033.0,1638.5,38135.0,120.891,195.549
2020-09-01,Category B,908.0,902.0,1606.0,41249.5,95.231,198.363
2020-09-01,Category C,352.5,348.0,558.0,27616.5,86.3,141.293
2020-09-01,Category D,495.0,490.0,666.5,7365.0,498.646,846.065
2020-09-01,Category E,470.5,469.0,671.5,40895.5,93.699,195.728
2020-10-01,Category A,914.0,907.0,1297.5,36934.0,112.695,189.391
2020-10-01,Category B,799.0,796.5,1245.0,40840.0,93.454,196.393
2020-10-01,Category C,316.0,314.5,562.5,33433.5,108.904,171.055
2020-10-01,Category D,426.0,415.0,618.5,7375.5,462.269,847.272
2020-10-01,Category E,428.5,399.5,680.0,40095.0,90.111,191.897
2020-11-01,Category A,969.5,959.0,1311.5,36840.0,100.93,188.909
2020-11-01,Category B,1010.0,995.5,1487.0,40050.5,85.77,192.597
2020-11-01,Category C,369.5,368.5,577.5,30918.0,99.402,158.185
2020-11-01,Category D,535.0,532.0,703.0,7275.5,492.586,835.784
2020-11-01,Category E,492.0,487.5,743.0,40501.5,84.474,193.843
2020-12-01,Category A,973.5,972.0,1511.5,40635.0,86.704,208.369
2020-12-01,Category B,1022.0,1008.5,1671.5,47156.0,70.119,226.766
2020-12-01,Category C,368.5,359.0,619.5,34045.0,103.951,174.183
2020-12-01,Category D,528.0,514.5,738.5,7679.5,472.294,882.194
2020-12-01,Category E,467.5,465.0,705.0,47505.0,67.382,227.362
2021-01-01,Category A,964.5,954.0,1294.5,42055.0,215.65,215.65
2021-01-01,Category B,1020.5,1019.5,1367.0,49550.5,238.281,238.281
2021-01-01,Category C,376.5,365.0,675.0,38449.5,196.718,196.718
2021-01-01,Category D,538.5,516.5,699.0,7545.0,866.743,866.743
2021-01-01,Category E,466.5,460.5,731.5,50694.5,242.627,242.627
2021-02-01,Category A,894.0,890.5,1162.0,41500.5,205.81,212.807
2021-02-01,Category B,942.5,940.5,1137.5,46396.0,197.14,223.111
2021-02-01,Category C,267.5,249.5,467.0,42945.5,191.332,219.721
2021-02-01,Category D,563.0,563.0,710.0,7503.0,809.822,861.918
2021-02-01,Category E,302.0,301.0,469.0,48642.0,208.63,232.804
2021-03-01,Category A,886.5,883.0,1180.5,43292.5,176.018,221.996
2021-03-01,Category B,944.0,929.0,1171.5,46001.0,147.255,221.212
2021-03-01,Category C,273.5,267.0,493.5,38551.0,128.737,197.237
2021-03-01,Category D,542.0,531.0,703.5,7771.5,658.881,892.763
2021-03-01,Category E,297.0,293.5,440.0,47403.5,136.235,226.876
2021-04-01,Category A,886.5,881.5,1251.0,47620.0,148.81,244.186
2021-04-01,Category B,957.0,949.0,1554.5,56749.5,132.744,272.9
2021-04-01,Category C,262.5,259.5,464.5,40067.5,111.195,204.996
2021-04-01,Category D,553.0,528.0,734.5,8000.0,646.726,919.012
2021-04-01,Category E,299.5,290.5,634.0,57150.0,124.235,273.523
2021-05-01,Category A,833.5,818.5,1154.5,44901.5,167.884,230.246
2021-05-01,Category B,818.0,815.0,1166.5,59045.0,162.658,283.938
2021-05-01,Category C,160.5,101.0,288.0,42351.0,136.859,216.679
2021-05-01,Category D,639.0,632.0,902.5,8356.0,651.794,959.908
2021-05-01,Category E,267.0,264.0,393.5,62501.0,160.255,299.134
2021-06-01,Category A,844.0,821.5,1308.5,48165.5,156.481,246.984
2021-06-01,Category B,812.0,791.5,1045.0,58070.5,145.334,279.252
2021-06-01,Category C,216.5,209.5,445.5,37001.0,119.593,189.307
2021-06-01,Category D,622.0,600.5,820.0,8602.0,592.017,988.168
2021-06-01,Category E,262.0,258.0,425.0,59556.5,145.249,285.041
2021-07-01,Category A,851.5,848.0,1194.5,46005.5,140.126,235.907
2021-07-01,Category B,829.5,818.0,1097.0,57800.5,146.706,277.954
2021-07-01,Category C,164.0,161.0,338.5,39211.5,126.509,200.617
2021-07-01,Category D,635.5,630.5,811.5,8595.5,658.659,987.421
2021-07-01,Category E,263.0,261.5,412.0,58850.5,139.168,281.662
2021-08-01,Category A,805.5,805.0,1074.0,45939.0,150.363,235.566
2021-08-01,Category B,782.5,772.0,1022.5,58501.0,135.821,281.322
2021-08-01,Category C,118.0,112.0,226.5,41299.5,137.404,211.299
2021-08-01,Category D,450.0,448.0,651.0,9199.5,720.964,1056.806
2021-08-01,Category E,198.5,193.5,348.0,62250.0,144.094,297.932
2021-09-01,Category A,803.5,792.5,1082.0,47500.0,150.579,243.571
2021-09-01,Category B,781.5,778.0,1134.5,65455.0,151.114,314.763
2021-09-01,Category C,121.0,111.5,207.0,39500.5,123.437,202.095
2021-09-01,Category D,447.0,444.0,610.0,9389.0,635.68,1078.576
2021-09-01,Category E,202.0,188.0,359.5,67351.0,154.314,322.346
2021-10-01,Category A,813.5,809.0,1190.5,49855.0,152.12,255.647
2021-10-01,Category B,774.0,770.5,1185.0,75205.0,172.092,361.649
2021-10-01,Category C,125.5,124.0,242.5,39695.5,129.301,203.093
2021-10-01,Category D,447.0,443.5,615.0,9181.0,575.431,1054.681
2021-10-01,Category E,212.0,195.5,416.5,78878.0,177.274,377.515
2021-11-01,Category A,536.5,533.0,770.0,54355.0,148.916,278.722
2021-11-01,Category B,590.5,583.0,818.0,81201.0,173.895,390.483
2021-11-01,Category C,91.5,90.0,168.5,42751.5,137.447,218.728
2021-11-01,Category D,414.5,403.0,550.0,9381.0,635.139,1077.657
2021-11-01,Category E,161.5,144.0,255.0,87000.5,181.457,416.39
2021-12-01,Category A,535.0,529.5,755.5,57905.5,123.554,296.928
2021-12-01,Category B,594.0,591.5,825.5,80695.0,119.99,388.05
2021-12-01,Category C,91.5,91.0,148.5,44500.0,135.874,227.674
2021-12-01,Category D,423.0,411.0,573.0,9501.0,584.317,1091.442
2021-12-01,Category E,163.0,161.0,243.0,84444.5,119.778,404.157
2022-01-01,Category A,537.0,529.5,735.5,57748.5,296.123,296.123
2022-01-01,Category B,589.5,584.5,809.5,79850.5,383.989,383.989
2022-01-01,Category C,90.5,89.0,173.5,42600.5,217.956,217.956
2022-01-01,Category D,423.5,415.0,546.5,9844.5,1130.902,1130.902
2022-01-01,Category E,147.0,147.0,209.5,83206.0,398.229,398.229
2022-02-01,Category A,539.0,533.0,847.5,61880.5,306.878,317.311
2022-02-01,Category B,554.5,551.5,902.0,89846.0,381.763,432.056
2022-02-01,Category C,78.0,70.5,171.5,45251.0,201.604,231.516
2022-02-01,Category D,413.0,410.5,538.0,10299.5,1111.657,1183.171
2022-02-01,Category E,180.0,175.5,284.5,90051.0,386.236,430.99
2022-03-01,Category A,537.0,534.0,905.5,70028.5,284.721,359.093
2022-03-01,Category B,553.0,548.0,842.0,96889.0,310.154,465.925
2022-03-01,Category C,83.5,79.0,182.5,50196.5,167.626,256.819
2022-03-01,Category D,407.0,406.0,588.5,10950.5,928.402,1257.955
2022-03-01,Category E,185.0,183.5,331.0,98950.0,284.376,473.581
2022-04-01,Category A,534.0,527.5,733.5,70847.5,221.395,363.293
2022-04-01,Category B,555.0,554.5,697.5,94195.5,220.335,452.972
2022-04-01,Category C,80.5,80.0,195.5,53451.5,148.338,273.472
2022-04-01,Category D,405.5,380.0,550.0,10152.0,820.695,1166.226
2022-04-01,Category E,182.0,178.0,292.5,97900.0,212.819,468.556
2022-05-01,Category A,618.5,617.5,811.5,69451.0,259.674,356.132
2022-05-01,Category B,527.5,524.5,704.0,93989.5,258.924,451.981
2022-05-01,Category C,103.5,101.5,202.0,51195.5,165.44,261.93
2022-05-01,Category D,586.0,580.0,836.0,9489.5,740.211,1090.121
2022-05-01,Category E,193.0,191.0,296.0,93506.5,239.754,447.528
2022-06-01,Category A,613.0,602.5,862.0,74395.0,241.695,381.483
2022-06-01,Category B,529.5,529.5,836.5,103342.5,258.638,496.958
2022-06-01,Category C,105.0,105.0,213.5,53006.5,171.326,271.195
2022-06-01,Category D,566.5,556.0,788.0,10151.0,698.624,1166.111
2022-06-01,Category E,192.0,187.5,296.0,102548.5,250.1,490.804
2022-07-01,Category A,622.5,613.0,867.0,78450.0,238.947,402.277
2022-07-01,Category B,527.0,524.0,698.5,108901.5,276.407,523.691
2022-07-01,Category C,102.0,94.5,167.0,54445.0,175.657,278.555
2022-07-01,Category D,571.5,534.0,745.5,10899.5,835.211,1252.096
2022-07-01,Category E,194.5,192.5,328.5,112262.5,265.474,537.295
2022-08-01,Category A,552.5,546.0,762.0,83944.5,274.759,430.452
2022-08-01,Category B,472.5,472.0,638.5,109501.0,254.228,526.574
2022-08-01,Category C,91.0,90.0,182.0,57589.5,191.601,294.643
2022-08-01,Category D,541.5,532.0,684.5,11050.5,866.027,1269.443
2022-08-01,Category E,165.0,158.0,283.0,112500.5,260.412,538.434
2022-09-01,Category A,549.5,531.0,741.0,85000.0,269.456,435.864
2022-09-01,Category B,470.5,468.5,590.0,110525.5,255.167,531.5
2022-09-01,Category C,84.0,79.5,168.0,65995.0,206.231,337.648
2022-09-01,Category D,513.5,507.0,623.0,11445.0,774.882,1314.762
2022-09-01,Category E,170.5,163.0,278.5,110250.0,252.603,527.663
2022-10-01,Category A,561.5,559.5,719.0,80795.0,246.525,414.301
2022-10-01,Category B,472.0,467.5,741.5,102928.0,235.53,494.965
2022-10-01,Category C,87.5,84.5,222.5,68096.0,221.811,348.397
2022-10-01,Category D,510.5,507.5,628.0,12276.0,769.414,1410.224
2022-10-01,Category E,171.5,169.5,258.5,106502.0,239.357,509.725
2022-11-01,Category A,459.5,452.0,654.5,88912.0,243.591,455.924
2022-11-01,Category B,413.5,404.5,604.0,114634.5,245.494,551.26
2022-11-01,Category C,71.5,71.0,134.5,79052.0,254.154,404.451
2022-11-01,Category D,443.0,430.0,565.5,12889.0,872.647,1480.643
2022-11-01,Category E,148.0,146.0,262.5,115293.0,240.467,551.8
2022-12-01,Category A,465.5,463.0,617.0,88255.0,188.311,452.555
2022-12-01,Category B,418.0,417.5,566.0,106753.5,158.738,513.361
2022-12-01,Category C,69.0,64.0,132.5,79850.5,243.811,408.536
2022-12-01,Category D,453.0,449.0,595.5,11895.0,731.55,1366.456
2022-12-01,Category E,147.5,145.5,269.5,110062.0,156.114,526.764
2023-01-01,Category A,460.5,457.5,638.0,83000.0,425.608,425.608
2023-01-01,Category B,409.0,406.0,500.5,103730.5,498.824,498.824
2023-01-01,Category C,74.0,72.0,182.5,77205.0,395.001,395.001
2023-01-01,Category D,445.0,431.5,625.0,10995.5,1263.125,1263.125
2023-01-01,Category E,147.5,146.5,266.5,107444.5,514.236,514.236
2023-02-01,Category A,508.5,500.5,682.5,86278.0,427.871,442.417
2023-02-01,Category B,433.0,415.5,674.0,110262.5,468.514,530.236
2023-02-01,Category C,45.5,42.0,122.0,86454.5,385.175,442.324
2023-02-01,Category D,478.0,464.0,602.5,11895.5,1283.918,1366.513
2023-02-01,Category E,130.5,127.5,251.5,111501.5,478.239,533.653
2023-03-01,Category A,513.5,507.5,716.5,90751.5,368.976,465.357
2023-03-01,Category B,448.5,448.5,649.5,115851.0,370.854,557.11
2023-03-01,Category C,46.5,40.5,86.0,88245.0,294.685,451.485
2023-03-01,Category D,478.5,477.5,591.0,12195.5,1033.955,1400.976
2023-03-01,Category E,132.0,126.5,259.5,116010.0,333.405,555.231
2023-04-01,Category A,511.0,498.5,749.5,100111.0,312.842,513.35
2023-04-01,Category B,430.0,408.5,559.5,119695.0,279.982,575.595
2023-04-01,Category C,49.0,47.0,109.5,76067.5,211.102,389.182
2023-04-01,Category D,465.5,445.0,519.5,12090.0,977.365,1388.857
2023-04-01,Category E,135.5,134.5,252.0,121745.5,264.656,582.682
2023-05-01,Category A,535.0,530.0,799.5,96500.5,360.81,494.836
2023-05-01,Category B,445.0,445.0,613.0,116216.5,320.156,558.868
2023-05-01,Category C,70.0,69.0,128.5,76545.0,247.358,391.625
2023-05-01,Category D,562.5,552.0,1054.0,7802.0,608.58,896.267
2023-05-01,Category E,125.0,114.5,286.0,124501.0,319.225,595.87
2023-06-01,Category A,583.5,577.0,816.0,97103.5,315.471,497.928
2023-06-01,Category B,454.0,441.5,670.5,120851.0,302.456,581.154
2023-06-01,Category C,69.5,65.5,164.5,82470.5,266.558,421.941
2023-06-01,Category D,553.0,531.0,884.0,10855.0,747.075,1246.984
2023-06-01,Category E,134.5,129.0,296.0,121944.5,297.404,583.634
2023-07-01,Category A,584.5,581.5,742.0,96101.0,292.71,492.788
2023-07-01,Category B,466.5,461.5,598.0,118001.5,299.504,567.451
2023-07-01,Category C,73.0,69.0,140.0,82112.0,264.92,420.107
2023-07-01,Category D,565.0,550.0,843.0,10295.5,788.927,1182.711
2023-07-01,Category E,129.5,123.5,230.0,121555.0,287.449,581.77
2023-08-01,Category A,634.0,617.0,928.5,99749.5,326.491,511.497
2023-08-01,Category B,474.0,460.0,792.0,128389.5,298.081,617.406
2023-08-01,Category C,118.0,117.5,201.0,82450.5,274.314,421.839
2023-08-01,Category D,508.5,464.5,706.5,11451.5,897.453,1315.508
2023-08-01,Category E,135.5,123.5,237.0,128600.5,297.679,615.49
2023-09-01,Category A,648.0,637.5,852.0,103000.0,326.518,528.165
2023-09-01,Category B,483.0,480.0,729.0,137889.0,318.34,663.087
2023-09-01,Category C,114.5,114.5,167.5,83345.0,260.449,426.415
2023-09-01,Category D,537.5,531.5,698.5,10800.5,731.246,1240.724
2023-09-01,Category E,141.5,132.0,250.5,140820.0,322.645,673.973
2023-10-01,Category A,791.0,785.0,1033.5,105000.0,320.381,538.42
2023-10-01,Category B,473.0,465.0,633.0,148001.5,338.672,711.717
2023-10-01,Category C,114.0,112.0,188.5,85345.0,277.997,436.648
2023-10-01,Category D,499.5,484.0,646.5,11028.5,691.225,1266.916
2023-10-01,Category E,139.0,133.5,244.5,155002.0,348.358,741.849
2023-11-01,Category A,924.5,920.0,1228.0,90345.0,247.517,463.272
2023-11-01,Category B,642.0,634.5,1029.0,122668.5,262.699,589.894
2023-11-01,Category C,190.0,186.0,324.5,75945.0,244.165,388.555
2023-11-01,Category D,532.5,515.0,666.0,10445.0,707.177,1199.885
2023-11-01,Category E,146.0,140.0,275.0,130006.5,271.155,622.219
2023-12-01,Category A,923.5,919.0,1199.5,86510.0,184.588,443.607
2023-12-01,Category B,640.5,628.5,890.0,120050.5,178.51,577.305
2023-12-01,Category C,192.5,188.5,352.5,70212.0,214.381,359.223
2023-12-01,Category D,537.5,536.0,688.5,9430.0,579.951,1083.285
2023-12-01,Category E,146.0,141.5,257.5,125888.0,178.562,602.508
2024-01-01,Category A,923.5,920.5,1532.0,73299.5,375.866,375.866
2024-01-01,Category B,645.0,642.5,1079.0,98505.0,473.696,473.696
2024-01-01,Category C,192.0,189.5,367.0,67800.0,346.883,346.883
2024-01-01,Category D,521.5,502.5,640.5,9211.5,1058.185,1058.185
2024-01-01,Category E,144.5,138.0,265.0,107696.0,515.44,515.44
2024-02-01,Category A,937.5,923.0,1920.0,77900.5,386.325,399.459
2024-02-01,Category B,652.0,619.0,1098.5,99669.0,423.502,479.293
2024-02-01,Category C,197.5,191.5,370.0,72501.0,323.009,370.934
2024-02-01,Category D,539.0,538.0,703.0,9100.5,982.245,1045.434
2024-02-01,Category E,160.5,157.5,288.0,97053.5,416.271,464.504
2024-03-01,Category A,949.5,929.0,1894.0,84244.5,342.52,431.99
2024-03-01,Category B,682.0,659.5,1069.5,96010.5,307.342,461.7
2024-03-01,Category C,201.0,200.0,308.0,72855.5,243.294,372.748
2024-03-01,Category D,520.5,517.0,637.5,9544.5,809.199,1096.439
2024-03-01,Category E,158.0,153.5,269.0,95433.0,274.268,456.748
2024-04-01,Category A,955.5,943.0,1656.0,91505.0,285.949,469.22
2024-04-01,Category B,671.5,667.5,1108.0,101667.5,237.813,488.904
2024-04-01,Category C,196.0,194.5,348.5,68001.5,188.717,347.914
2024-04-01,Category D,521.0,512.0,617.5,9995.0,808.003,1148.191
2024-04-01,Category E,159.5,156.0,301.0,102125.5,222.005,488.779
2024-05-01,Category A,975.5,974.0,1538.0,93152.0,348.29,477.666
2024-05-01,Category B,662.0,639.5,1168.0,105345.5,290.208,506.591
2024-05-01,Category C,206.5,189.5,366.0,71001.0,229.443,363.26
2024-05-01,Category D,527.0,525.5,617.0,9407.0,733.775,1080.643
2024-05-01,Category E,177.5,172.5,306.0,104845.5,268.828,501.797
2024-06-01,Category A,964.0,956.0,1435.0,89544.5,290.913,459.167
2024-06-01,Category B,679.5,670.5,1010.0,101470.5,253.952,487.956
2024-06-01,Category C,222.0,214.0,312.5,70244.5,227.042,359.39
2024-06-01,Category D,519.5,519.0,624.0,8995.5,619.098,1033.372
2024-06-01,Category E,180.0,178.5,310.0,100800.0,245.836,482.435
2024-07-01,Category A,970.0,952.0,1385.5,91450.0,278.543,468.938
2024-07-01,Category B,666.0,655.0,893.5,100450.5,254.957,483.051
2024-07-01,Category C,214.0,213.5,340.0,70301.0,226.814,359.679
2024-07-01,Category D,517.5,514.5,581.0,8994.5,689.234,1033.257
2024-07-01,Category E,176.5,173.5,304.5,100615.0,237.931,481.55
2024-08-01,Category A,995.5,986.5,1442.0,94094.5,307.981,482.499
2024-08-01,Category B,674.5,674.0,1067.5,105995.0,246.088,509.714
2024-08-01,Category C,217.0,216.5,322.5,71750.0,238.713,367.092
2024-08-01,Category D,520.0,517.5,606.5,9455.5,741.027,1086.215
2024-08-01,Category E,175.5,171.5,336.0,105620.0,244.485,505.504
2024-09-01,Category A,986.5,937.5,1342.5,97507.0,309.104,499.997
2024-09-01,Category B,664.0,656.5,901.5,108150.5,249.684,520.079
2024-09-01,Category C,216.5,213.5,321.0,74000.5,231.248,378.606
2024-09-01,Category D,521.0,518.0,629.0,9850.5,666.926,1131.591
2024-09-01,Category E,176.5,169.5,385.5,110002.5,252.036,526.479
2024-10-01,Category A,1026.0,1017.0,1551.5,103349.5,315.345,529.957
2024-10-01,Category B,670.5,660.5,1029.5,114946.0,263.031,552.758
2024-10-01,Category C,220.0,219.0,329.0,73974.0,240.958,378.471
2024-10-01,Category D,521.0,517.0,615.0,9795.0,613.914,1125.215
2024-10-01,Category E,179.5,174.0,336.5,115350.0,259.243,552.072
2024-11-01,Category A,1040.5,1036.5,1329.0,94889.0,259.966,486.573
2024-11-01,Category B,687.0,680.5,956.5,106541.0,228.161,512.34
2024-11-01,Category C,235.5,211.5,371.5,68670.0,220.775,351.334
2024-11-01,Category D,522.0,522.0,617.5,8879.0,601.151,1019.989
2024-11-01,Category E,184.0,182.5,309.5,108250.5,225.778,518.094
2024-12-01,Category A,1036.0,1016.0,1490.5,95000.0,202.703,487.142
2024-12-01,Category B,682.5,678.0,926.5,106005.0,157.625,509.762
2024-12-01,Category C,258.5,252.0,409.0,70089.5,214.007,358.597
2024-12-01,Category D,518.0,510.0,605.5,8129.5,499.969,933.889
2024-12-01,Category E,180.5,168.5,328.0,106496.5,151.057,509.699
2025-01-01,Category A,1051.5,1046.0,1432.5,93650.0,480.219,480.219
2025-01-01,Category B,681.5,680.0,1168.5,119063.0,572.556,572.556
2025-01-01,Category C,241.0,239.5,368.5,66683.5,341.171,341.171
2025-01-01,Category D,528.0,521.5,623.0,8361.0,960.482,960.482
2025-01-01,Category E,190.5,190.0,370.5,119056.0,569.81,569.81
2025-02-01,Category A,1143.5,1140.5,1868.0,88925.0,440.998,455.991
2025-02-01,Category B,746.0,734.0,1071.0,110351.0,468.89,530.661
2025-02-01,Category C,259.5,248.0,412.0,63847.5,284.456,326.661
2025-02-01,Category D,524.0,520.0,681.5,8540.0,921.749,981.045
2025-02-01,Category E,198.5,196.0,368.0,110001.0,471.804,526.472
2025-03-01,Category A,1141.0,1140.5,1992.5,93616.0,380.622,480.045
2025-03-01,Category B,756.0,748.0,1202.0,114945.0,367.954,552.753
2025-03-01,Category C,269.5,264.0,441.0,68545.0,228.899,350.695
2025-03-01,Category D,522.0,522.0,625.0,9356.0,793.217,1074.785
2025-03-01,Category E,200.0,198.0,392.5,114946.0,330.347,550.139
2025-04-01,Category A,1138.5,1123.0,2141.5,98612.0,308.158,505.664
2025-04-01,Category B,752.0,736.5,1149.0,117451.0,274.733,564.804
2025-04-01,Category C,263.5,263.5,390.5,66891.5,185.637,342.235
2025-04-01,Category D,518.0,516.5,631.5,9599.0,775.99,1102.7
2025-04-01,Category E,200.0,195.0,398.0,117501.5,255.43,562.37
2025-05-01,Category A,1267.0,1254.5,2077.5,102755.0,384.195,526.908
2025-05-01,Category B,797.5,789.5,1151.5,118439.0,326.278,569.555
2025-05-01,Category C,271.0,268.5,384.0,62889.5,203.23,321.759
2025-05-01,Category D,535.0,532.0,665.5,8708.0,679.251,1000.345
2025-05-01,Category E,206.5,195.5,385.5,118449.5,303.709,566.907
2025-06-01,Category A,1264.5,1263.5,1669.0,97561.5,316.959,500.277
2025-06-01,Category B,789.5,788.0,1068.5,114835.0,287.4,552.224
2025-06-01,Category C,273.5,263.0,389.5,63500.0,205.243,324.883
2025-06-01,Category D,536.5,533.0,618.0,8800.0,605.643,1010.913
2025-06-01,Category E,212.5,202.5,381.0,115394.5,281.429,552.285
2025-07-01,Category A,1253.0,1251.5,1896.0,101102.0,307.942,518.432
2025-07-01,Category B,782.5,781.5,1173.5,119350.5,302.928,573.938
2025-07-01,Category C,281.0,273.0,418.5,67644.5,218.243,346.087
2025-07-01,Category D,536.5,533.5,625.5,9450.0,724.138,1085.583
2025-07-01,Category E,211.5,208.5,407.5,119250.0,281.998,570.738
2025-08-01,Category A,1266.0,1257.0,1838.5,103266.5,338.002,529.531
2025-08-01,Category B,790.5,789.0,1246.0,123949.0,287.772,596.052
2025-08-01,Category C,281.5,276.0,447.0,71095.5,236.536,363.744
2025-08-01,Category D,536.5,530.5,643.5,8999.0,705.251,1033.774
2025-08-01,Category E,259.0,259.0,501.0,123667.5,286.261,591.88
2025-09-01,Category A,1273.5,1268.5,2182.5,113446.0,359.632,581.73
2025-09-01,Category B,791.0,761.0,1229.5,132195.5,305.196,635.708
2025-09-01,Category C,279.5,278.0,407.0,72028.5,225.086,368.517
2025-09-01,Category D,539.5,539.5,625.0,9155.0,619.838,1051.694
2025-09-01,Category E,256.0,253.0,514.5,134201.5,307.481,642.297
2025-10-01,Category A,1269.0,1250.5,2270.0,125052.5,381.566,641.246
2025-10-01,Category B,819.5,814.0,1089.5,136444.5,312.226,656.141
2025-10-01,Category C,275.0,274.5,425.5,75551.0,246.094,386.539
2025-10-01,Category D,533.0,528.0,614.0,9599.5,601.661,1102.757
2025-10-01,Category E,260.0,255.5,443.0,138004.5,310.157,660.498
2025-11-01,Category A,1295.5,1291.0,1634.5,109501.0,299.999,561.5
2025-11-01,Category B,803.0,780.0,1233.5,122445.5,262.221,588.822
2025-11-01,Category C,282.5,278.5,420.0,76194.5,244.967,389.831
2025-11-01,Category D,538.0,536.0,613.0,8664.5,586.628,995.348
2025-11-01,Category E,279.0,270.5,466.5,123005.5,256.553,588.712
